"date","BTC_price","BTC_marketcap","BTC_volume","ETH_price","ETH_marketcap","ETH_volume","SOL_price","SOL_marketcap","SOL_volume","CPI","Interest_rate"
2020-04-11,6864.694257,1.25741e+11,37828011011,157.740158007801,17375118634.9917,14135915530.5894,0.95760582801468,7827651.8926592,92672667.4344703,NA,NA
2020-04-12,6878.781213,1.25981e+11,30280054180,158.327877941819,17489565908.7714,11128989594.361,0.784711314820843,6173607.67834532,49458692.875224,NA,NA
2020-04-13,6913.158787,1.26655e+11,34544392366,158.86382571951,17790409219.8189,13002801329.5085,0.875994406891771,7269680.44744514,37821009.9556024,NA,NA
2020-04-14,6857.538538,1.25651e+11,38062368291,156.701358791407,17316641314.1453,13286483792.0483,0.786712194545865,6302364.15058463,19579214.8929318,NA,NA
2020-04-15,6860.178536,1.25714e+11,33837365577,158.26715118299,17559917949.2582,11468431211.7747,0.666673390515131,5306221.06575891,17523533.0498671,NA,NA
2020-04-16,6629.431738,1.21499e+11,29692916171,153.222863680028,16933905371.1555,8578826590.31357,0.637621067308467,5114653.93263679,12659541.4084088,NA,NA
2020-04-17,7059.926225,1.29403e+11,45752002264,171.775990750884,18989526634.2351,17430629608.3789,0.692333125085911,5505929.48697869,23132895.9095158,NA,NA
2020-04-18,7035.261504,1.28962e+11,31701906840,170.445890477055,18844786940.2604,15220772945.8953,0.657449398309544,5348323.97534936,10227034.7524566,NA,NA
2020-04-19,7242.510929,1.32775e+11,30035235468,187.143544115606,20686869606.0751,14284812698.8018,0.676972185216204,5423066.28586426,10199318.1631599,NA,NA
2020-04-20,7127.51195,1.30681e+11,29714765522,180.058596540519,19894212517.4435,13763176713.4563,0.609435838948364,4844617.21118236,9789186.730548,NA,NA
2020-04-21,6856.456278,1.25725e+11,35276609104,170.70405868654,18894679854.8496,15901061387.7044,0.534790494232018,4285479.15468102,8763891.03103751,NA,NA
2020-04-22,6842.038598,1.25473e+11,30093303601,170.451542880474,18883297426.6079,12178214643.0788,0.572826921077006,4591546.7612261,9610841.99301918,NA,NA
2020-04-23,7109.995291,1.30399e+11,30819547915,182.27675766207,20165266729.1902,14853382137.991,0.6848872198148,5446538.17385084,18146790.1444815,NA,NA
2020-04-24,7382.793144,1.35415e+11,41032858925,184.593702480218,20371607313.86,6903118239.47787,0.621703278866634,4909586.99903656,13659849.4858019,NA,NA
2020-04-25,7495.393587,1.37494e+11,33233126913,187.343368614196,20756708748.5893,13419651870.1252,0.622765090085369,5027193.62040914,8959427.13964603,NA,NA
2020-04-26,7538.557687,1.38298e+11,31610167152,194.114236825704,21449928671.5045,14452583265.8994,0.647090318185969,5173619.23346503,7324961.27411476,NA,NA
2020-04-27,7683.867415,1.40977e+11,33760863612,197.22990444624,21798344583.4648,13530756223.9513,0.639862804069491,5137791.33082596,8493459.04844735,NA,NA
2020-04-28,7774.281554,1.4265e+11,35205525352,196.462625350847,21715118585.7449,17659706480.602,0.568315480697328,4616001.37515563,7534010.52115735,NA,NA
2020-04-29,7758.230255,1.4237e+11,32855687797,197.154731566343,21824818237.6987,14644384537.0908,0.657428321229911,5283691.35133157,7387289.03214702,NA,NA
2020-04-30,8744.430287,1.60484e+11,60399592066,215.548172665674,23796586177.4891,20966892392.0487,0.741189013587765,5897415.53721542,8964597.2705301,NA,NA
2020-05-01,8610.635804,1.58043e+11,65838312160,205.556005410637,22894189506.3735,23630952297.4432,0.693089721323073,5635423.50596413,5182978.53773334,255.802,0.05
2020-05-02,8824.818414,1.61989e+11,44773967198,211.96829534905,23540629181.1146,17137878522.3555,0.716953932166389,5735879.89959945,4174109.64290385,255.802,0.05
2020-05-03,8966.307015,1.64603e+11,39177855720,213.943011214075,23700169401.0496,14287655444.0448,0.712437893318276,5669404.16998171,3457574.55700139,255.802,0.05
2020-05-04,8888.671913,1.63037e+11,45617019157,210.024709474648,23254687127.8135,16158461349.7675,0.686609817467966,5486412.38566429,3375393.73001012,255.802,0.05
2020-05-05,8884.407814,1.62341e+11,44698213713,206.832534234607,22819858077.112,17901489283.1014,0.672829740554685,5354861.58390889,3467483.25673091,255.802,0.05
2020-05-06,9003.240558,1.65336e+11,43436234292,205.225179739852,22740460359.4667,14345915703.7119,0.650308149098886,5195811.6286706,2903980.85685246,255.802,0.05
2020-05-07,9144.68704,1.67951e+11,48538811467,200.254794500094,22529347281.1112,18128961143.1699,0.619400358228041,5010066.05478024,2715223.28770618,255.802,0.05
2020-05-08,9959.166416,1.82928e+11,61712313965,212.292476200865,23678773321.9276,15142506242.2945,0.608939889929808,4874818.72185592,3385522.01747098,255.802,0.05
2020-05-09,9821.811315,1.80422e+11,50955646313,211.689048351138,23476076684.6609,18337241719.8877,0.608939662026112,4827334.90816906,2493703.55942783,255.802,0.05
2020-05-10,9566.777187,1.75753e+11,46706541180,210.431818137606,23328821609.1339,15514402336.3246,0.601791795766872,4816707.90941828,2126230.15199603,255.802,0.05
2020-05-11,8752.617088,1.60815e+11,61704475185,188.137226158966,20859785783.8529,19756507796.2474,0.541777928609612,4324416.94928526,2370841.72306918,255.802,0.05
2020-05-12,8604.751591,1.58114e+11,57996080837,185.674718097403,20616754314.2583,18768379406.3877,0.513923495626732,4171226.29910029,2113480.5260022,255.802,0.05
2020-05-13,8788.466749,1.61474e+11,39515455756,189.305781818513,20993946147.9503,13706747451.019,0.533342653913114,4266741.23130491,2182277.4116871,255.802,0.05
2020-05-14,9283.086013,1.70593e+11,44239951917,199.369372543049,22169692740.7452,13403589148.7619,0.553319101874779,4413742.89750091,2337721.38275091,255.802,0.05
2020-05-15,9796.494527,1.79398e+11,52076585311,203.211246993784,22562017222.4695,18153298514.0182,0.574281421724847,4570789.91837684,548910.111112245,255.802,0.05
2020-05-16,9309.295359,1.70984e+11,44866846516,194.273097781531,21656663418.0944,13130818660.2412,0.556434195767782,4432087.50899181,1837728.91458034,255.802,0.05
2020-05-17,9375.297108,1.72309e+11,34146492788,200.5833909031,22256509489.0049,11676763398.0632,0.598966110677499,4752035.38617175,2286736.2749382,255.802,0.05
2020-05-18,9666.327193,1.77224e+11,35650032954,206.768894036839,22938430778.9383,13449821514.2674,0.615933744862693,4898008.35775984,2950437.82108983,255.802,0.05
2020-05-19,9708.439859,1.78446e+11,38922896810,214.357641645268,23793534838.638,13342260442.2975,0.647734444877496,5213969.63380214,3280890.99594927,255.802,0.05
2020-05-20,9760.198937,1.79128e+11,37077538115,213.686720211767,23656360817.2185,10220660537.9065,0.621935751349896,4996233.19933248,2375972.61443117,255.802,0.05
2020-05-21,9526.507593,1.75227e+11,34829170075,209.920788288863,23303624068.6085,10429639020.8029,0.579585935281716,4629608.82973847,2306268.65630143,255.802,0.05
2020-05-22,9059.962507,1.66569e+11,35965016694,198.917515750719,22089212414.4428,8110302356.37086,0.605566098399497,4853042.59489784,2791803.41091192,255.802,0.05
2020-05-23,9131.767275,1.6831e+11,27700943120,206.227729639946,22960218146.4279,10636959193.322,0.614983225820979,4919865.80656783,3449950.86984162,255.802,0.05
2020-05-24,9170.361064,1.68615e+11,26159735072,206.411206958319,22943289960.0147,8524288901.14894,0.608220170673352,4866957.61542499,2624526.45817556,255.802,0.05
2020-05-25,8731.848526,1.61408e+11,29437505507,200.690728582306,22417907964.4871,10782742329.0074,0.546574172275469,4374843.16036941,2831384.62366694,255.802,0.05
2020-05-26,8883.69177,1.63334e+11,29130957734,203.81011834235,22639118588.3978,9317131818.62538,0.602230410833668,4809730.17960867,4453912.36455054,255.802,0.05
2020-05-27,8839.130663,1.62547e+11,26860828303,200.963615406759,22325672542.331,8593529312.40325,0.573139946382518,4598505.3510088,2703457.58415508,255.802,0.05
2020-05-28,9174.118564,1.68616e+11,28916177010,207.845893890854,23085068545.9104,8773050350.18307,0.588400492615126,4715158.09027535,2545885.09382515,255.802,0.05
2020-05-29,9546.045635,1.75534e+11,31771100326,219.591564058802,24328143646.4425,12329460719.2911,0.572170088466096,9366383.78394155,2654599.49685845,255.802,0.05
2020-05-30,9427.120373,1.73355e+11,28880265575,220.491167346038,24504031642.6848,10335270102.4997,0.577432312696712,9427078.26608464,2051249.65045085,255.802,0.05
2020-05-31,9662.705873,1.77979e+11,30231487422,242.709770267827,27012940828.467,13546265992.1937,0.58581323807217,9591470.33610501,2439529.32895758,255.802,0.05
2020-06-01,9466.961781,1.74106e+11,27396663221,232.331003038967,25671662155.4094,10887047331.6017,0.575677002886308,9399234.9514859,1936502.36109259,257.042,0.08
2020-06-02,10167.93069,1.86933e+11,33702539854,248.044566584487,27559451838.4364,12532381844.2598,0.578975523786524,9424972.58616183,2232352.34686305,257.042,0.08
2020-06-03,9515.243859,1.75463e+11,36841150779,237.265320128679,26414164713.7577,11228877888.9736,0.565814320391003,9310563.1094337,1384105.14977342,257.042,0.08
2020-06-04,9645.227869,1.77416e+11,25222025159,244.125336610076,27137533088.4328,9023955445.45879,0.586205470714686,9614805.94741188,888236.664725421,257.042,0.08
2020-06-05,9776.202992,1.79831e+11,24903069188,243.707821315959,27105225697.6403,10063518956.5687,0.58675536875368,9543805.26248722,863889.776349378,257.042,0.08
2020-06-06,9636.965527,1.77374e+11,23447982002,240.246968987651,26722521046.7649,8222827212.49417,0.656961104945751,10747702.9563812,4253926.36813895,257.042,0.08
2020-06-07,9662.858709,1.77902e+11,19374357195,242.021640367215,26923196533.7504,7581565794.82806,0.625417464640033,10180036.8353106,1644975.94793606,257.042,0.08
2020-06-08,9738.603357,1.79168e+11,23856639265,244.22674439498,27129407338.3404,9398819027.55079,0.619374555341564,10138083.7937239,778127.933019048,257.042,0.08
2020-06-09,9773.029513,1.79811e+11,21154971285,246.212783260443,27441367803.2988,8129322897.06584,0.667680741915248,10913789.3867705,1450401.05118099,257.042,0.08
2020-06-10,9767.005317,1.7971e+11,22844271951,243.849526651899,27188436885.4693,8592468949.87452,0.655418523295631,10726797.093154,934660.151081016,257.042,0.08
2020-06-11,9874.898682,1.81705e+11,24398738300,247.541971529524,27480866985.6863,7584308101.60202,0.650361749958012,10648020.6544734,1145633.28729637,257.042,0.08
2020-06-12,9325.996856,1.71616e+11,31225155445,232.00078536182,25655172292.4383,12109538778.8249,0.571998304631777,9341515.40626821,1164520.2135891,257.042,0.08
2020-06-13,9469.533298,1.74267e+11,23601462338,237.593410877442,26414947184.7637,9191505535.41617,0.593356482299519,9722321.60166213,962192.202344892,257.042,0.08
2020-06-14,9469.473456,1.74275e+11,19693461097,238.293629100892,26503078976.0856,6588386730.1115,0.608810202849307,9955797.60475687,753788.263304982,257.042,0.08
2020-06-15,9345.960908,1.72116e+11,18836155989,232.112520477449,25856836267.1758,6517043494.31725,0.586183105523133,9583560.12503535,915552.325663399,257.042,0.08
2020-06-16,9431.719262,1.73598e+11,29160908897,231.017011552528,25743924409.1974,9539612843.33475,0.570331271645446,9320494.00074121,1052111.25926945,257.042,0.08
2020-06-17,9524.926617,1.75075e+11,26391020757,235.288479482971,26206196967.8295,6857067974.87958,0.585098838992433,9519846.38912149,679085.216200979,257.042,0.08
2020-06-18,9463.361414,1.74231e+11,23643218251,233.863618462182,26079437153.8017,6079869078.29023,0.581848170997211,9549958.35463254,704810.188891241,257.042,0.08
2020-06-19,9399.767217,1.73034e+11,20601074386,231.68485732135,25847377552.2214,6063250096.3478,0.61999800083892,10224928.4358075,1372641.01989903,257.042,0.08
2020-06-20,9312.780104,1.71102e+11,23738525502,228.959212803219,25534271650.2601,6840801770.22928,0.686091685944012,11247343.8942031,7055205.21278231,257.042,0.08
2020-06-21,9360.247968,1.72323e+11,19774464253,228.86914879722,25501270877.3425,5400222130.45747,0.64459798466492,10673766.0433386,1745226.98619531,257.042,0.08
2020-06-22,9298.360829,1.71192e+11,18986237382,227.791905909687,25381090910.6206,4995955268.45639,0.67274779305832,11086240.7928936,2287434.97919242,257.042,0.08
2020-06-23,9678.683209,1.78129e+11,24768621257,243.364709992455,27083046206.8899,5973345536.20729,0.727172964476921,11996277.1126872,1654719.03275172,257.042,0.08
2020-06-24,9624.684292,1.77187e+11,17756804210,243.079482239037,27097142032.5762,6291513184.39515,0.7067336276588,11646898.9825033,1383543.51539418,257.042,0.08
2020-06-25,9288.061774,1.71028e+11,23183760292,234.564984644473,26239099771.4265,8149316604.9254,0.736245262240633,12150092.5422518,2827321.0318966,257.042,0.08
2020-06-26,9258.667161,1.70495e+11,23499175984,232.648703499616,25963410301.5738,6321009243.43231,0.71268941055642,11741625.1899429,1804323.65910624,257.042,0.08
2020-06-27,9166.48636,1.68807e+11,22429204011,229.636526027268,25643178437.8093,6513998360.98855,0.740720865382094,12079079.1451861,1673667.39155817,257.042,0.08
2020-06-28,9013.905565,1.66005e+11,21515626881,221.026085297342,24650756780.2121,6164981016.05819,0.713355368819341,11750514.8396777,1710200.37563986,257.042,0.08
2020-06-29,9139.903276,1.68334e+11,19665935217,225.12294616525,25059706534.5238,5641785424.36611,0.798760465954678,13136127.9523603,3419777.19256179,257.042,0.08
2020-06-30,9185.166541,1.69176e+11,19754459583,228.205763773812,25465535919.1727,5792207632.62134,0.853126884286282,14062849.9745091,2179078.50221047,257.042,0.08
2020-07-01,9149.721997,1.68559e+11,19741435780,225.592814968919,25169333234.4763,5282884955.51892,0.859295554437336,14164459.013979,4200596.31060897,258.352,0.09
2020-07-02,9230.672999,1.70032e+11,20005031554,230.661943590949,25738012877.8079,5307320170.13624,0.83245923588158,13737840.6092797,1840101.23084637,258.352,0.09
2020-07-03,9094.318072,1.67605e+11,19379463385,226.574424340304,25284990219.9584,4427853855.20881,0.774611478808207,12783903.7345078,1796842.52768239,258.352,0.09
2020-07-04,9071.385043,1.67116e+11,17420495829,225.176405480408,25132071680.6253,4553181088.14441,0.767470465211305,12672163.1750314,1136961.54589832,258.352,0.09
2020-07-05,9132.90837,1.68259e+11,16643732673,229.094716462189,25572481115.8083,4910504255.51121,0.781187108354678,12892264.5927076,1683516.10673102,258.352,0.09
2020-07-06,9087.407313,1.6743e+11,17324463886,227.899375038192,25442148685.6287,5250547694.45769,0.692187662170754,11423393.4742841,3820984.23013542,258.352,0.09
2020-07-07,9342.376493,1.72136e+11,21987059042,241.526851874317,26966777214.5959,7214622724.05819,0.708409297313418,11691026.1809069,1164528.5162277,258.352,0.09
2020-07-08,9253.63098,1.7051e+11,18945747769,238.964480540678,26667827703.349,6390063707.9923,0.753477255286667,12435090.7421499,1711217.87379847,258.352,0.09
2020-07-09,9432.172516,1.73809e+11,20708592426,246.85900786802,27538955079.0813,6855809513.4315,0.795614168481949,13138366.7242638,2258517.81408904,258.352,0.09
2020-07-10,9235.716302,1.70199e+11,19480413474,241.975128578979,27017961197.6373,5454877568.35448,0.850478339076587,14045120.4228211,2615952.92442564,258.352,0.09
2020-07-11,9282.913639,1.71105e+11,18224423468,240.954953782933,26917385878.3162,4948468762.53656,0.91363737357096,15112460.3702796,1871221.38162529,258.352,0.09
2020-07-12,9234.314675,1.70191e+11,16167064476,239.102025546714,26712364780.1531,4350900773.68197,0.92153418900951,15255277.0581699,1733700.48383242,258.352,0.09
2020-07-13,9297.479636,1.71364e+11,17173962880,241.771522600706,26889793823.3397,5293860444.7384,1.01752693755767,16696748.6217667,4779890.40479676,258.352,0.09
2020-07-14,9240.76252,1.70371e+11,18245667827,239.638786811741,26757968884.4217,5773853723.29691,1.17875328745844,20428062.2351123,4064986.85932401,258.352,0.09
2020-07-15,9247.060696,1.70452e+11,19147263017,240.251470668472,26870705032.6944,4794731175.0107,1.14835619464521,19972946.8444213,2236363.06169406,258.352,0.09
2020-07-16,9203.371435,1.69759e+11,16565948995,238.663597206317,26686755678.9953,4622070139.0844,1.29354750555105,24362181.9265405,3361791.92742194,258.352,0.09
2020-07-17,9136.483376,1.68497e+11,18760484380,233.837074562722,26142878196.665,4836661397.80764,0.868918470480573,17274473.461975,9296866.05984308,258.352,0.09
2020-07-18,9156.276583,1.6876e+11,16500659022,232.781477438261,26015174195.3674,4344879745.80715,0.981824150171089,20917439.7556486,11550958.7190887,258.352,0.09
2020-07-19,9168.402737,1.69032e+11,15638459043,235.681144776425,26352655621.6668,4349365185.33596,0.967318270604227,20602905.1434474,2951092.7593337,258.352,0.09
2020-07-20,9202.61584,1.69693e+11,16085385662,238.895231678679,26715274452.4837,4452847140.17701,0.922438343780494,19624140.8647858,2231346.89289217,258.352,0.09
2020-07-21,9163.159655,1.68937e+11,17080393205,236.060098445387,26401433618.6154,5152984578.12671,0.873058978816209,18811046.9390172,3041235.98888501,258.352,0.09
2020-07-22,9384.379752,1.73037e+11,20048075731,245.233735026343,27404691587.9445,5121955556.19602,0.976392031453546,20859692.4800818,4296502.83184098,258.352,0.09
2020-07-23,9514.304988,1.7537e+11,19702428931,263.762463966002,29528105819.9481,6556501920.46799,1.04472466666352,23288212.4376279,5381567.01240672,258.352,0.09
2020-07-24,9589.817719,1.76822e+11,26966148756,274.723620259181,30714049723.1686,7634745874.60055,1.05580629213734,23621340.9667656,3051275.67076024,258.352,0.09
2020-07-25,9535.938796,1.75866e+11,35810926085,279.427056247582,31236557399.1894,7547527176.12841,0.996204458635239,22240716.3753052,2030487.64931536,258.352,0.09
2020-07-26,9691.825139,1.78741e+11,36726067828,305.038139411196,34136825749.9608,10358352414.1431,1.25086642544997,27986367.3745139,9847485.81766229,258.352,0.09
2020-07-27,9925.751397,1.83065e+11,19713211085,310.517990951736,34754323492.1652,10227817625.91,1.5970260529502,35745817.7886529,9916449.44921899,258.352,0.09
2020-07-28,10962.25848,2.02192e+11,34694788844,320.476191309682,35873239729.4069,15060479190.224,1.77695581204491,41165009.8282877,34618880.3977408,258.352,0.09
2020-07-29,10904.91653,2.01144e+11,27637575180,316.406766052056,35422047874.0241,12462060871.173,1.78396313527971,41629008.98213,9748575.38171147,258.352,0.09
2020-07-30,11093.61224,2.0497e+11,23642111784,317.539072916119,35553131948.9463,10343143710.2741,1.65719192912588,40210662.8739494,11129957.5781083,258.352,0.09
2020-07-31,11116.30716,2.05201e+11,22265381996,334.741922036562,37564052087.1245,10534706857.5478,1.68841873230624,41117076.7181428,5611511.03273567,258.352,0.09
2020-08-01,11325.55153,2.08934e+11,22329797905,346.003506072887,38794882275.3903,11638423647.3909,1.53809703166377,37711209.1687282,5087571.12203166,259.316,0.1
2020-08-02,11812.09431,2.17741e+11,26198946496,387.942421171247,43411673380.4845,15379516251.5158,1.53313739542931,37591996.3508155,4748192.13528587,259.316,0.1
2020-08-03,11066.30624,2.04126e+11,27584591853,370.732302431239,41469942047.7941,15202899455.0568,1.74601567417277,42382004.4426319,6698349.6566456,259.316,0.1
2020-08-04,11230.90776,2.07219e+11,20583344057,386.247447717809,43272376856.1939,11174150665.4107,1.80036368056021,43879557.4325031,5778334.68931066,259.316,0.1
2020-08-05,11181.91751,2.06584e+11,20527193171,389.383008349899,43787281284.3183,12113993540.4585,1.89730725469815,46368816.3139189,5584908.26818848,259.316,0.1
2020-08-06,11719.26352,2.16249e+11,22359870185,400.18436250318,44844619093.0164,10578439440.4591,1.76118331941754,43050611.4556947,5569521.6206145,259.316,0.1
2020-08-07,11768.12774,2.17128e+11,21793317051,394.541745461183,44217734699.0953,11175559421.0282,2.20192249190958,57169342.3073642,10399801.5560903,259.316,0.1
2020-08-08,11571.48798,2.13579e+11,21624736673,379.135155849816,42541561650.3022,12469778424.9495,2.07312041308423,54969359.8721563,7707429.07074866,259.316,0.1
2020-08-09,11739.13101,2.16526e+11,17286825185,391.478438642115,43821378072.8957,7446547697.81568,2.47340178408884,65401183.6257306,10257501.939669,259.316,0.1
2020-08-10,11682.85147,2.15622e+11,17051550191,389.622931112911,43682388559.8162,5940323179.04179,2.65900283114777,71020175.1538218,11357917.2962506,259.316,0.1
2020-08-11,11862.93801,2.1892e+11,24145919191,395.209913657189,44298575284.6648,12717549263.4028,3.13588373898644,87332088.9547273,22017721.7429049,259.316,0.1
2020-08-12,11398.67106,2.10826e+11,24448699831,379.174763952754,42639702440.4108,13124713653.8153,3.2648691178996,91851887.994809,34022534.2636905,259.316,0.1
2020-08-13,11579.86795,2.13771e+11,22803776235,387.500530823979,43436076387.6958,12808587803.7731,3.74138793013005,105458413.830793,27350570.7738838,259.316,0.1
2020-08-14,11817.16404,2.17185e+11,24755770184,427.490265367969,47693538253.1255,17422050835.673,3.73367541257477,108874815.267107,28936940.7812972,259.316,0.1
2020-08-15,11777.39132,2.16917e+11,21650925952,438.762587470297,49022330904.6476,15546677422.8154,3.41749721998753,101662334.181904,19041477.0560826,259.316,0.1
2020-08-16,11864.90581,2.1905e+11,21285690553,432.654665238932,48462771178.6153,10265309385.8573,3.17319543737696,94560197.3979158,13945414.8863817,259.316,0.1
2020-08-17,11901.77649,2.19751e+11,19209711614,433.431860932112,48635333662.5702,12680404379.0261,3.38522672820774,101093049.997447,10367526.2982146,259.316,0.1
2020-08-18,12272.46581,2.26536e+11,25481896191,430.032505089723,48259667903.0867,11697848303.8365,3.103088944315,95117475.8556458,11222688.3771309,259.316,0.1
2020-08-19,11949.61097,2.2098e+11,24825715159,422.106652865994,47400903599.2981,12062999738.1373,3.33106207522657,103512572.722506,29613499.0547967,259.316,0.1
2020-08-20,11733.27897,2.1666e+11,23384200656,406.574469182107,45642757811.5908,12854733824.9459,2.89613106804376,91194729.7624581,15448650.4969231,259.316,0.1
2020-08-21,11861.83658,2.19045e+11,20353349055,416.469775822798,46754739209.4161,10564357237.8218,3.20650258219395,101186302.292564,13595404.0103788,259.316,0.1
2020-08-22,11515.1243,2.12897e+11,23406354443,386.823891418948,43434501400.1881,12518435194.162,2.93318941358993,92576368.0854075,12006369.8195438,259.316,0.1
2020-08-23,11676.38531,2.15642e+11,19572783954,395.885018289086,44454504740.73,10612983427.4836,3.02176559559687,95149797.2607931,10159244.7449412,259.316,0.1
2020-08-24,11647.92812,2.15347e+11,18467219109,390.789135047738,44021875258.7883,9775318835.21751,3.32993405138841,104838610.420335,11705563.4769109,259.316,0.1
2020-08-25,11758.82812,2.17411e+11,20061559392,408.269145631723,45914782850.8836,11007565809.5944,3.33977704433411,105025071.743556,15583655.5369268,259.316,0.1
2020-08-26,11350.75347,2.09659e+11,23423332919,383.662143118299,43097616381.4734,12857413913.1911,3.26124160747658,103504610.605264,12533596.2047002,259.316,0.1
2020-08-27,11465.00256,2.11779e+11,20869928786,385.752499874921,43337732292.5232,10454041361.3773,3.55106694142972,114219136.449055,22112806.0238949,259.316,0.1
2020-08-28,11300.39836,2.08748e+11,21595917446,381.837651321084,42903096293.9009,10466849103.5325,3.43061612179953,110491240.21623,21498130.288651,259.316,0.1
2020-08-29,11519.11839,2.128e+11,19271253871,395.13821323862,44402928843.0099,10196208352.3944,4.01141615742816,129651597.857978,26740109.1160429,259.316,0.1
2020-08-30,11481.48182,2.12115e+11,18415439614,399.374543834064,44884412904.6181,9631959320.3906,3.97228222948883,128816760.88101,14534080.2307022,259.316,0.1
2020-08-31,11701.00401,2.1618e+11,19909556667,428.295679163522,48092923342.6494,12945668314.9601,4.43666353346418,144468272.841208,22083311.9847748,259.316,0.1
2020-09-01,11672.3241,2.15922e+11,21077276618,435.693023299101,49098776608.1535,14228693735.7465,4.79446184947208,157231078.235306,19476155.1852703,259.997,0.09
2020-09-02,11895.22535,2.21316e+11,25232603062,475.684664262686,54146717970.5855,18804560687.2811,4.30435361633878,144080731.169188,16073140.8478753,259.997,0.09
2020-09-03,11418.25476,2.10746e+11,26038738389,439.353760215315,49401551509.0004,19315593282.6343,4.17622446934238,137747076.792021,23121094.9811068,259.997,0.09
2020-09-04,10197.45982,1.88438e+11,49411126241,383.691531177998,43135808902.69,17364384113.1732,3.51397115187551,119105104.969797,27187766.9574542,259.997,0.09
2020-09-05,10484.47039,1.9404e+11,27623487077,387.904029093917,43627087090.329,10260946593.2682,3.54071745422933,118962336.474003,17857611.36846,259.997,0.09
2020-09-06,10177.78972,1.88092e+11,56430042199,334.468593013543,37655618254.0509,22254663654.4201,2.59517171140564,87193154.3151894,25742235.8535603,259.997,0.09
2020-09-07,10260.01773,1.89621e+11,28801019507,352.99300214607,39710363028.2121,21920007828.961,3.08715375170476,103754712.658693,18512975.69054,259.997,0.09
2020-09-08,10359.44522,1.91502e+11,26560146962,351.8778602924,39639961273.3407,14769191933.8575,2.90643801762875,99103615.3011978,15992080.6265024,259.997,0.09
2020-09-09,10125.01496,1.86825e+11,47780699209,337.845051935069,37835807856.3422,14799132842.8389,2.4742806348861,85338829.2161801,10503232.0915171,259.997,0.09
2020-09-10,10230.1547,1.88758e+11,21357083446,351.232267083236,39580368571.36,13120851004.4342,3.63437035128977,121438753.716607,46180176.2734309,259.997,0.09
2020-09-11,10342.15939,1.91181e+11,77545788531,367.638928810007,41300327191.4637,74747424441.3974,3.45309000114005,118759154.827777,31817980.3758145,259.997,0.09
2020-09-12,10378.22304,1.92112e+11,20796810116,373.914905989752,42135842526.3208,12937594458.7348,3.44620852267043,121133286.767198,16519855.1160287,259.997,0.09
2020-09-13,10439.38467,1.92998e+11,19955498078,387.723516290023,43393172173.5406,11465259432.8786,3.33266208732117,116947704.579428,10193775.1216831,259.997,0.09
2020-09-14,10328.86607,1.90923e+11,21057424433,365.695506306262,41170490544.0653,13172306578.9379,3.22479831179511,112654349.574385,15375145.9369735,259.997,0.09
2020-09-15,10661.09624,1.9701e+11,23526143436,376.394561113407,42353184458.5852,14124838468.3549,3.26239120973302,118721263.471383,21853783.6087662,259.997,0.09
2020-09-16,10787.58021,1.99044e+11,23802088944,364.690045086069,41019180031.9295,12209389923.0868,2.93169320826633,107150010.947999,12635260.0004121,259.997,0.09
2020-09-17,10952.24997,2.02524e+11,24459086809,365.130550811648,41136175614.1407,13298202038.4691,2.54946540609176,94070098.5969526,24795333.6875552,259.997,0.09
2020-09-18,10937.9964,2.02358e+11,23547167125,388.797456231994,43828530075.4914,16748693289.5371,2.91919930330569,107329192.559765,21791980.6321964,259.997,0.09
2020-09-19,10927.15031,2.02091e+11,20681771888,383.172865991521,43009572687.4155,9883257470.92701,3.08407982709884,115398247.166832,22533255.9031174,259.997,0.09
2020-09-20,11083.99836,2.04994e+11,18334274060,385.472123493685,43455110863.0688,11046298234.1874,3.01472889733387,113066182.942236,10943760.4578575,259.997,0.09
2020-09-21,10923.32667,2.02033e+11,20161733907,370.967895162477,41929980576.6527,11369621273.0593,2.86795825770617,107485223.209089,9294739.74102943,259.997,0.09
2020-09-22,10439.52249,1.93678e+11,23757059692,341.277130871831,38695806846.9766,14837815989.7167,2.77366022930038,105132421.825073,19270693.9687025,259.997,0.09
2020-09-23,10527.58785,1.94731e+11,19866578109,343.917547100949,38679912764.2938,11967106210.5456,2.94021551382551,110996725.68154,18874481.4961411,259.997,0.09
2020-09-24,10223.78411,1.89121e+11,19981974722,321.077435173963,36239170986.3424,9839917613.10915,2.83550058748068,107801478.996592,14564763.1450047,259.997,0.09
2020-09-25,10726.53008,1.98514e+11,21348447554,348.821019978549,39314719146.8434,12209550797.2332,3.130126407105,118878878.681682,16633162.8737809,259.997,0.09
2020-09-26,10681.99385,1.97617e+11,19119761059,351.331567022118,39598389061.566,10740036294.3291,3.19100604953743,122238331.592773,13618464.7964398,259.997,0.09
2020-09-27,10743.19288,1.98687e+11,16886146730,354.26158191431,39946698187.6105,10859942552.2106,3.13514521556965,121477645.400787,8801854.27770789,259.997,0.09
2020-09-28,10765.30052,1.99236e+11,17639951628,357.066436406755,40273903426.0825,9973839924.61242,3.16599488495006,124163454.945753,7557998.4439438,259.997,0.09
2020-09-29,10672.02854,1.9772e+11,19869963340,354.429583537551,39794887269.4612,9818467156.62804,2.95577515071954,115671366.640997,9309539.82651121,259.997,0.09
2020-09-30,10837.51659,2.00533e+11,18308943801,359.42608953837,40574256067.8246,9708794838.84551,2.94511903853458,117794737.823292,6850416.40373307,259.997,0.09
2020-10-01,10770.88135,1.9931e+11,18558607663,359.598984750858,40586538615.9546,8037484324.98059,2.89585172392861,116997169.793763,5787535.35331038,260.319,0.09
2020-10-02,10627.97606,1.96617e+11,20889752500,353.197848138171,39782583382.8911,11835729247.8518,2.86612578113383,116446343.764479,8826242.17613525,260.319,0.09
2020-10-03,10572.67484,1.9566e+11,21258724984,345.912568227914,39005631807.6051,12194440257.5243,2.62890391110678,107373602.62221,14212990.2427235,260.319,0.09
2020-10-04,10546.65626,1.95188e+11,16039831145,345.992463193429,39098719406.9824,8933121301.40709,2.5536378078058,104629198.181327,5964945.74866319,260.319,0.09
2020-10-05,10670.70081,1.97495e+11,16029160488,352.458806503961,39758373727.6144,8905022839.29491,2.52255707845371,104629072.11209,7148795.36633049,260.319,0.09
2020-10-06,10784.9494,1.9953e+11,17853484006,353.604427310907,39890007481.293,9285381014.80383,2.65275142908388,109983903.679527,8274088.03081265,260.319,0.09
2020-10-07,10605.95779,1.96314e+11,19419734685,340.616021812809,38419834420.7551,10280978397.3004,2.17459598814762,90510593.136206,12053371.1495909,260.319,0.09
2020-10-08,10668.01101,1.97576e+11,17222472600,341.443796478281,38556379197.9178,8044228155.8197,2.29010249909108,96626244.2271101,14026928.6030236,260.319,0.09
2020-10-09,10888.66655,2.01519e+11,19767968267,350.055676568125,39539898845.2908,9330978624.15412,2.3626573108302,100361073.086653,18962028.194039,260.319,0.09
2020-10-10,11063.25239,2.04809e+11,19254933802,365.339444819394,41261693685.4993,11301702589.4305,2.53949273509453,108143704.999262,14326709.1029639,260.319,0.09
2020-10-11,11286.54194,2.09269e+11,19496631246,370.471810973428,41919449520.1278,10673988207.8788,2.40556863765798,102263473.3254,10183145.7248217,260.319,0.09
2020-10-12,11377.81488,2.10799e+11,16270141990,374.497015092574,42273071872.9501,8000631027.64407,2.41810554595851,102599664.111895,7287675.81438502,260.319,0.09
2020-10-13,11543.18376,2.13726e+11,20957733314,387.255558356572,43787622889.793,12458841248.9299,2.58358144563444,109398780.834125,15148498.5628085,260.319,0.09
2020-10-14,11426.10554,2.11576e+11,19556025069,381.168773898923,43068111158.1092,9741612768.02954,2.40227576891629,104349414.79796,13892838.7413446,260.319,0.09
2020-10-15,11435.57244,2.11756e+11,20441486195,379.210253760928,42827891085.9514,10673398919.618,2.3191536796805,100630989.389071,10350998.4887243,260.319,0.09
2020-10-16,11495.585,2.12878e+11,20511481707,377.158681078682,42625398559.3636,10155629419.1164,2.26854982533301,98861299.7295375,8122715.96898382,260.319,0.09
2020-10-17,11319.09779,2.09993e+11,20436703034,365.990642383147,41424753265.121,9375570544.20364,2.1410969900561,93684534.7578202,15223420.2195935,260.319,0.09
2020-10-18,11365.81413,2.10422e+11,15650920221,368.65047036369,41654901940.0435,8087278469.47376,2.20356320122578,95604758.7948985,6335659.68384695,260.319,0.09
2020-10-19,11495.89998,2.12752e+11,15569792414,378.04936532376,42730815492.7859,7527761590.19442,2.21192102420845,96201418.2992812,5687385.02865306,260.319,0.09
2020-10-20,11752.14686,2.17391e+11,18121468516,379.63947733218,42919073937.7413,8995049004.81075,2.05685439892633,89483911.1465479,8565815.85746606,260.319,0.09
2020-10-21,11908.70892,2.20405e+11,21431994056,368.227014235045,41623179886.7976,7492023938.77578,1.88588598704668,82488167.1404689,15641566.7092007,260.319,0.09
2020-10-22,12806.43573,2.36717e+11,29314287990,391.166742177572,44137912522.4247,12728437763.9169,1.88096895280282,82144490.2589621,23297280.7218931,260.319,0.09
2020-10-23,12951.04406,2.40258e+11,25070864647,413.201890336191,46776265907.2922,12229478488.7019,1.95388684659511,86559361.4141624,13454997.5755239,260.319,0.09
2020-10-24,12928.0723,2.39591e+11,21379873278,408.889488643719,46233128841.0548,11171063368.7802,1.95717453394617,86992250.292987,11186213.3563404,260.319,0.09
2020-10-25,13106.04602,2.42785e+11,19302801175,411.95921775305,46625376044.7953,9333976948.22259,1.91253483735344,85097119.4155311,6919606.69245967,260.319,0.09
2020-10-26,13021.41084,2.41327e+11,18998745579,406.157094148215,45985592948.8883,8489563012.3623,1.79101245511949,80166567.408452,9185870.29950903,260.319,0.09
2020-10-27,13060.79221,2.42141e+11,21507619986,393.382908392245,44537523611.8306,14982520071.0045,1.68480075485756,76352252.5240336,13591649.2405902,260.319,0.09
2020-10-28,13655.18542,2.53005e+11,23918511528,403.529837833562,45687568527.0639,10384433736.8521,1.71594150736243,78379682.6513359,15297050.5983198,260.319,0.09
2020-10-29,13282.99935,2.45662e+11,26825856788,388.877339882078,43943405500.5112,11312414332.8582,1.51854343116955,69484097.0715892,15939411.5155768,260.319,0.09
2020-10-30,13441.8785,2.49545e+11,22860841954,386.446012987292,43798925859.1192,10294153382.8429,1.42884669085192,65484559.7484617,8662606.66104178,260.319,0.09
2020-10-31,13537.17427,2.50845e+11,23482756915,382.900771038091,43341298725.5015,10598788554.5349,1.44064579734883,65971825.0903039,9349348.87177678,260.319,0.09
2020-11-01,13778.63764,2.55329e+11,22691200479,385.844588797508,43692767478.3082,9009356073.61282,1.53555145305814,70310236.9935269,6702913.19991546,260.911,0.09
2020-11-02,13720.36147,2.5426e+11,19771957708,394.936342049172,44687833549.9893,8655139278.00086,1.6005724419747,73223097.9661107,7044518.69398535,260.911,0.09
2020-11-03,13558.3618,2.51266e+11,22630851230,383.84980342204,43437224863.288,8492071098.35507,1.47523532980187,67681588.1121973,6491093.90377735,260.911,0.09
2020-11-04,13989.97636,2.59277e+11,22602862338,387.616373722075,43903834507.3629,9513314551.14123,1.41263564284476,64789424.2448667,6668083.60645943,260.911,0.09
2020-11-05,14101.71605,2.61104e+11,25857225138,401.733096832472,45360338717.1115,11648560618.4892,1.39330704551355,64037059.281131,13444944.2251896,260.911,0.09
2020-11-06,15553.3317,2.88118e+11,36313255719,415.927770430972,47077208350.0699,13606373470.7651,1.40570835837386,64230247.7865866,10875990.980388,260.911,0.09
2020-11-07,15548.31215,2.88563e+11,34523587705,454.65154309847,51546745852.678,16264349016.8209,1.92596914953155,88646989.6326884,29260208.0820795,260.911,0.09
2020-11-08,14818.45891,2.74688e+11,30369855795,435.418354083309,49463138492.487,15146746571.7979,2.03239150284442,94477844.7580371,69505254.9343479,260.911,0.09
2020-11-09,15496.31615,2.87116e+11,24082570972,455.358366972169,51682115129.3641,11155033976.4552,2.15534488963813,99153483.9628044,35274009.490947,260.911,0.09
2020-11-10,15335.3422,2.84292e+11,29501754043,445.05129334207,50377035452.2099,12036099592.1292,2.02851160395119,92911864.560423,23430879.8291146,260.911,0.09
2020-11-11,15278.70966,2.83242e+11,21918753733,449.816184501296,51000796202.0729,7873172432.58596,2.25278668811792,104439762.471482,17683772.9946413,260.911,0.09
2020-11-12,15686.90599,2.91215e+11,23990613793,463.180871720323,52569790942.6994,11456937853.5262,2.00019469709485,91842384.4291332,17995064.2782416,260.911,0.09
2020-11-13,16265.14925,3.01529e+11,28001128791,462.20561957949,52548309254.4925,11096201853.1089,1.8967904840988,86929582.5433685,14316052.7037401,260.911,0.09
2020-11-14,16326.81488,3.02673e+11,24826304420,475.969093657601,53963588841.1277,10814357418.248,2.01759535387282,92395446.3995333,10853681.1009966,260.911,0.09
2020-11-15,16095.56151,2.98291e+11,22096608221,462.718397060793,52476765553.1161,9774490045.96824,1.91982080877805,88345125.4185349,7480703.33954804,260.911,0.09
2020-11-16,15984.67378,2.96277e+11,19184714603,449.206801639743,50978678612.609,8946780761.30233,2.04067913081208,93688715.9984024,17895366.8089015,260.911,0.09
2020-11-17,16714.40386,3.09858e+11,24606359052,461.371196705267,52356872782.2684,9874800384.41482,2.26235899784424,103751002.086873,20610242.3172843,260.911,0.09
2020-11-18,17651.82043,3.27449e+11,31572384446,482.19838472354,54716609289.5423,12534266981.9904,2.19719077874023,101161954.406128,15969353.0571839,260.911,0.09
2020-11-19,17829.93496,3.30792e+11,40089857655,479.437661362474,54435713128.0531,15390748756.8477,2.1178861923704,97122156.7476443,13848265.6615157,260.911,0.09
2020-11-20,17819.75743,3.30526e+11,30586797552,471.317958394412,53447508889.2316,10960245344.1733,2.0706842020846,95016544.5798369,9316529.24763135,260.911,0.09
2020-11-21,18628.81349,3.45552e+11,28731271104,508.792214585245,57875755337.8343,15567496836.7793,2.09925890310659,96699115.0912867,10371769.8629203,260.911,0.09
2020-11-22,18689.52866,3.46624e+11,31201880852,548.842116249849,62062910159.2798,17270632325.0762,2.38142968326495,109103139.903623,25366504.8237934,260.911,0.09
2020-11-23,18390.61184,3.42078e+11,33010231294,560.508887458306,64219272617.0237,20803203330.7194,2.15181353547635,99643753.2480703,20574885.2700627,260.911,0.09
2020-11-24,18360.6933,3.40635e+11,33389683851,608.273310918942,68705033455.8226,22868894446.1169,2.27338848703882,104405683.737897,18928875.3955011,260.911,0.09
2020-11-25,19091.52418,3.5421e+11,49429532567,602.666262393887,68461935305.6366,19964356486.3813,2.25991414121295,103371313.288257,32072469.8844256,260.911,0.09
2020-11-26,18753.28892,3.48158e+11,32146102840,568.275153040449,64369854808.7434,15178975818.6502,2.26461299833069,103929950.411338,31314180.5015889,260.911,0.09
2020-11-27,17138.02951,3.17999e+11,48738957777,518.4670452162,58947811751.5819,25993581649.4012,1.90190504482214,87261948.4587302,41413742.5024155,260.911,0.09
2020-11-28,17140.27555,3.18057e+11,30680336583,517.553026405601,58773961397.8997,14714678172.4044,1.85926298727191,85368717.6293009,16043158.3973311,260.911,0.09
2020-11-29,17718.97283,3.28813e+11,24501260966,537.392612094448,61290956964.3644,9637463879.9153,1.89037595599395,86876340.8584803,13543976.2513819,260.911,0.09
2020-11-30,18169.95421,3.36495e+11,23940328529,574.751119654844,65121266717.8639,13623124682.2042,1.91334297844673,87979239.4231415,7475716.68628205,260.911,0.09
2020-12-01,19609.52144,3.63928e+11,36160827241,612.263785612206,69576210026.9362,18811269166.6119,1.96524698510021,90930509.9552853,10302108.6624142,262.045,0.09
2020-12-02,18857.41737,3.49588e+11,38614628144,589.581844354098,66950738084.6784,23557071520.3952,1.98211558443067,91819218.1474109,15857429.6674797,262.045,0.09
2020-12-03,19208.39819,3.56518e+11,28923102075,598.760610095824,68153602806.2182,14839044995.2975,2.11738196086137,98158810.3258481,20110298.1409055,262.045,0.09
2020-12-04,19435.20485,3.60662e+11,24342606871,616.506661565682,70109767421.9594,12249197831.0153,2.09675131861521,97007192.4188215,26145331.3040007,262.045,0.09
2020-12-05,18711.22655,3.4785e+11,26369871383,571.190431634974,64944263291.9126,14326184164.361,1.85848555337454,86302542.3835937,12376166.9363333,262.045,0.09
2020-12-06,19139.11158,3.55245e+11,23333284386,595.919413968038,67764042948.9772,11764206188.8445,1.9786603345404,91469353.5887471,10627298.6718773,262.045,0.09
2020-12-07,19325.55412,3.58762e+11,21832193873,601.968934924492,68483582708.0165,11453823478.1954,1.8513015515003,85608059.7374475,10598081.5739615,262.045,0.09
2020-12-08,19198.80649,3.56588e+11,22034483384,592.386506682018,67474119685.8651,10010900862.8482,1.83063358857158,84695936.9784415,10468359.6850022,262.045,0.09
2020-12-09,18336.51458,3.40435e+11,26799991796,554.329674302381,63305670197.4753,13501656447.6139,1.67036861725239,77643530.7840561,17112369.5276827,262.045,0.09
2020-12-10,18564.98646,3.44693e+11,29806757749,573.895309109994,65276424697.1529,14024278560.0887,1.66493735032864,77258533.7175803,16742998.4512893,262.045,0.09
2020-12-11,18262.05838,3.39715e+11,24092658534,560.454265407605,63759073874.7322,11590043392.3227,1.57650789096742,73019479.9111288,9081181.44121377,262.045,0.09
2020-12-12,18058.02734,3.35311e+11,26080197328,545.982835263369,62124158560.857,11334198380.9771,1.44966928019695,67063074.5326483,10757763.6547993,262.045,0.09
2020-12-13,18807.0954,3.49236e+11,21918803314,568.358753407382,64655118180.3175,9511330147.76402,1.4908497129487,68998005.9632139,9176582.19492285,262.045,0.09
2020-12-14,19151.13442,3.55643e+11,23550581096,590.324440302934,67134794851.681,9082894202.25033,1.5665711036119,72368450.6181667,10831419.6151994,262.045,0.09
2020-12-15,19259.97047,3.57681e+11,21638023120,585.541894936002,66629545532.4221,7794572085.23203,1.59045721453162,74144495.0656469,10852348.2350075,262.045,0.09
2020-12-16,19432.36246,3.60543e+11,24173322660,589.066831645042,67041487308.6198,10160486192.8221,1.75296764670469,80958321.2962687,25707468.38552,262.045,0.09
2020-12-17,21317.66214,3.9618e+11,39062639738,635.961889379613,72301103108.2225,14781462845.0921,1.77920947883766,82697026.7123077,20667383.0287894,262.045,0.09
2020-12-18,22805.65581,4.23588e+11,60693764159,644.065270192978,72955533475.1786,19729196033.8536,1.6777643172561,77962145.6702314,19771583.1348293,262.045,0.09
2020-12-19,23120.57055,4.2946e+11,37000188847,654.420416296575,74135277407.0425,16512361338.5749,1.69977856085599,79098065.2944404,9944183.27492898,262.045,0.09
2020-12-20,23863.85484,4.43289e+11,35252972900,659.318807637209,75092677592.1047,14703775003.2823,1.66830855859409,77655684.2595031,11133539.4293658,262.045,0.09
2020-12-21,23518.31842,4.36893e+11,32907758818,639.515436877818,72618785345.5407,12845420666.1912,1.5633483514359,72790529.4042886,11294828.8034879,262.045,0.09
2020-12-22,22840.99171,4.2433e+11,38423396405,610.427027898067,69545799024.4246,14563648896.2439,1.54342053714336,71954471.5254126,10231076.9625284,262.045,0.09
2020-12-23,23794.7933,4.41753e+11,38733771616,634.979723443186,72327947935.4515,11548425748.8382,1.4928837701688,69532641.5448677,14598569.9592007,262.045,0.09
2020-12-24,23308.12723,4.33052e+11,42917744240,587.958895499244,67468061368.1385,16795838161.8416,1.20624302448262,56718890.0880032,21811152.3912275,262.045,0.09
2020-12-25,23760.28705,4.41615e+11,36826373659,612.879657050597,69867514814.011,15132872519.5292,1.36345901170328,63270395.0987132,11669615.7449715,262.045,0.09
2020-12-26,24671.10771,4.58416e+11,36622874230,626.456738778456,71422858091.1277,13125875205.9039,1.44588480577391,67364923.8031706,11302457.8984468,262.045,0.09
2020-12-27,26476.13014,4.91979e+11,41995154623,636.7423171945,72391403990.8806,14640527408.4817,1.32826079785326,61824850.922195,8569139.6264757,262.045,0.09
2020-12-28,26423.22879,4.93427e+11,56654980596,689.659857326988,78833072066.0927,24721301579.8804,1.30654012798223,61706533.0916912,15721103.7497879,262.045,0.09
2020-12-29,27125.38412,5.03712e+11,42186521237,732.957029297527,83575563402.6638,22707049400.1432,1.51912825010804,70774348.2356014,16248544.0999523,262.045,0.09
2020-12-30,27424.53895,5.0968e+11,38081840206,735.590898162574,83885243123.8154,17170428247.7612,1.67606853463368,78352281.8023016,34126955.3149705,262.045,0.09
2020-12-31,28837.28853,5.35967e+11,43341140482,752.855932449019,85790178023.4437,13293869466.9288,1.53783908773779,71585859.2732059,16897738.2667456,262.045,0.09
2021-01-01,29022.4184,5.39438e+11,43503516563,738.616938152041,84037694047.3551,18166112097.6557,1.51580749631178,69766796.8517985,17111375.7417507,262.687,0.09
2021-01-02,29352.12679,5.45593e+11,34089717988,730.147340219637,83294083323.2064,13843183079.1552,1.84114087647856,86318139.6550553,32991393.100118,262.687,0.09
2021-01-03,32163.82494,5.97888e+11,57273436641,777.696065303943,88595346035.5516,20443662605.6878,1.80262891318041,84086466.3965385,41366106.0700807,262.687,0.09
2021-01-04,33008.2262,6.13617e+11,1.78894e+11,967.000596728846,112525376104.655,140906534190.588,2.14770799035378,99775343.8064742,71243785.0833485,262.687,0.09
2021-01-05,31515.57597,5.85726e+11,74657165356,1025.6547675669,116693162132.749,62285144708.3981,2.42178460679504,111799126.972017,74768826.6069123,262.687,0.09
2021-01-06,34082.20605,6.33652e+11,67420500716,1103.35825162257,125112930227.725,47148245967.4043,2.16186895715223,100329573.08892,65041612.8884368,262.687,0.09
2021-01-07,36933.52014,6.82744e+11,71027195898,1208.57509287289,137306782958.131,47886847354.0014,1.92318546396631,89806036.8266018,66770224.8611686,262.687,0.09
2021-01-08,39547.08408,7.3534e+11,78642959829,1229.47131501478,139084939665.714,43042878463.8165,2.36740928488297,617487734.823374,219251174.219748,262.687,0.09
2021-01-09,40815.96185,7.58971e+11,82846468856,1223.72968835353,139145700786.278,48132624602.8622,3.23448212320059,832993617.407284,286755149.113389,262.687,0.09
2021-01-10,40296.529,7.49347e+11,55921808672,1282.97957552732,147397891905.566,34851118090.664,3.38858836902146,895647361.510903,120168621.415851,262.687,0.09
2021-01-11,38397.89599,7.14079e+11,73381123613,1267.73100315121,144775179901.584,44541377224.1246,3.47373223179911,912330458.117343,80904486.7420442,262.687,0.09
2021-01-12,35669.90669,6.63381e+11,1.11692e+11,1092.91433788061,124728988376.037,67107873698.8654,3.1076274895235,817258464.268827,106045335.588828,262.687,0.09
2021-01-13,33938.33588,6.29752e+11,68954134557,1045.40681523041,119330774034.789,37495863245.0222,3.58676467736862,938493137.520774,97551374.0615025,262.687,0.09
2021-01-14,37456.00773,6.96669e+11,65278944794,1132.01559101647,128582223216.03,32166268470.0738,3.52076220894177,921726565.258352,75016318.3517925,262.687,0.09
2021-01-15,39232.74997,7.29751e+11,57519444622,1216.91478846346,138240285220.33,34339866026.5067,3.27819348920905,859145982.561185,76404702.3359531,262.687,0.09
2021-01-16,36787.52122,6.84305e+11,63450740093,1171.86001770465,133962341262.379,39499008134.4084,3.25577939539091,854734765.159645,58075508.1836137,262.687,0.09
2021-01-17,36254.71308,6.74661e+11,55054325262,1234.6318700828,141369013157.282,38277998837.5689,3.45186550037634,904006570.030996,99803415.7067725,262.687,0.09
2021-01-18,35804.26389,6.72292e+11,50749258739,1229.37969807201,142087383372.707,35508914212.3693,3.81598415593309,1017470477.78398,93623327.6006864,262.687,0.09
2021-01-19,36595.46477,6.82647e+11,46769030147,1255.97669151321,143378258827.217,30802895108.2292,3.77514663994597,987108914.551529,92855359.6361952,262.687,0.09
2021-01-20,36104.86386,6.71735e+11,51736994549,1383.48409022771,157929393133.71,52274850962.4374,3.64143131196967,953132372.621427,70082464.7892886,262.687,0.09
2021-01-21,35587.4892,6.62434e+11,58406615612,1385.85299587526,156457140894.28,52021227614.3253,3.72911583732708,973442831.789159,58455688.054312,262.687,0.09
2021-01-22,30913.69574,5.75206e+11,69415314298,1122.9124325373,130713677392.5,49658518028.4233,2.99881147459036,786986237.349419,56210951.5313391,262.687,0.09
2021-01-23,32957.90878,6.13271e+11,69549742252,1236.68344275366,140271927461.833,48657448380.0858,3.34136007914288,870802220.867027,78912922.7096274,262.687,0.09
2021-01-24,32068.08737,5.96744e+11,43575409685,1231.17637970447,140773242456.761,30774910632.1494,3.50156830313128,910358037.377871,34563933.4590649,262.687,0.09
2021-01-25,32273.51735,6.00595e+11,42810544126,1392.53976344497,158167202909.142,39913977039.2595,3.63170707484897,946423915.382578,39857016.4867048,262.687,0.09
2021-01-26,32375.32006,6.02518e+11,50410553261,1323.42950310201,151940348541.692,44124188232.2481,3.71399963300419,970376773.800747,102071940.744134,262.687,0.09
2021-01-27,32582.10945,6.06574e+11,48489676580,1355.233724241,155446593758.921,40367492548.5431,4.0328840538093,1054703273.41095,99915130.853126,262.687,0.09
2021-01-28,30445.52587,5.66661e+11,51514291052,1253.14167155861,141774137750.666,38752412145.0368,3.69951153515966,965216149.593133,41769652.7367676,262.687,0.09
2021-01-29,33128.34753,6.16625e+11,51075972572,1328.77361906656,152877389472.971,32668893126.7158,3.81740206846517,994404569.140121,39406683.9100504,262.687,0.09
2021-01-30,34150.81877,6.35689e+11,97468515525,1380.28425913521,158354114909.265,49454503567.5418,3.86434859308497,1011832935.61226,56780983.1191573,262.687,0.09
2021-01-31,34199.51981,6.36625e+11,52001249491,1372.42722896423,157410718624.22,29581914651.1453,4.23348577267147,1099976702.01811,67081650.4372492,262.687,0.09
2021-02-01,33064.78677,6.15014e+11,42488649643,1317.04743622918,150322722005.164,24723054987.8742,4.26396858884305,1108554251.46338,97446415.859447,263.579,0.08
2021-02-02,33405.99036,6.21908e+11,49268860243,1368.66445481238,155894407853.5,28544048877.6772,4.59457480270702,1181003688.15079,46965792.2315938,263.579,0.08
2021-02-03,35485.98593,6.60664e+11,50730704377,1514.22519575165,174557101587.542,42952410181.6325,5.25732108477144,1375270992.68647,123805679.788846,263.579,0.08
2021-02-04,37494.71762,6.95795e+11,49762137494,1661.00082436748,189023794263.701,42202356538.2068,5.72147079379454,1486424501.24616,94154842.8709536,263.579,0.08
2021-02-05,36816.50808,6.86454e+11,54494811707,1587.80089918594,183982328605.453,42668487953.8115,6.41624673360909,1677733734.38132,136705073.211898,263.579,0.08
2021-02-06,38007.83223,7.0632e+11,47446256482,1724.85690833931,196424150368.479,39147540640.1746,6.70664773238228,1732564478.94795,122560651.237531,263.579,0.08
2021-02-07,39279.41287,7.32453e+11,57076868562,1683.94129786505,192164042318.958,36776919163.5165,6.11765791197269,1614662623.62638,134130068.367537,263.579,0.08
2021-02-08,38833.34026,7.23435e+11,53802559039,1608.64054798572,184109385158.149,38849634841.4417,6.65733968811434,1741080410.39806,133124403.501186,263.579,0.08
2021-02-09,46307.57412,8.62414e+11,86994225365,1750.99755371921,198719063426.169,45540524354.8919,7.90874978387919,2067531944.12916,198992540.377201,263.579,0.08
2021-02-10,46569.56483,8.67165e+11,78828431117,1769.0535339346,203102939465.473,42127693213.6073,7.84013833144138,2066515667.73409,155211915.617241,263.579,0.08
2021-02-11,44848.69345,8.39561e+11,70000356396,1739.16420900484,199919369275.371,40563120176.9723,9.02172012535266,2347978417.77849,151648521.931501,263.579,0.08
2021-02-12,47815.96176,8.90629e+11,66187179919,1782.50886912185,203774834938.256,33868453070.3964,9.2001793051618,2396719732.17231,201126010.151082,263.579,0.08
2021-02-13,47414.18626,8.80621e+11,61942185129,1841.19775070329,210344318124.732,36105354379.4037,9.2288048882432,2426763287.30689,114926769.556197,263.579,0.08
2021-02-14,46941.29209,8.74425e+11,55312381649,1810.84254573237,207890872554.91,33305061601.1768,8.7139696238231,2299907027.71978,116673415.155255,263.579,0.08
2021-02-15,48607.87452,9.05515e+11,57738376570,1804.98414643665,207057026271.031,30218599726.8919,8.72763219836352,2299584697.07988,111434979.064466,263.579,0.08
2021-02-16,47898.48703,8.92345e+11,61061855794,1775.75835170186,203972439068.601,37652347195.4491,8.84730542100881,2319301370.90481,109980858.189167,263.579,0.08
2021-02-17,49238.13691,9.1734e+11,64141133354,1782.57530905059,204528599567.247,33252538989.6203,8.30280602969779,2184260799.9604,72282574.1446148,263.579,0.08
2021-02-18,52143.67884,9.71517e+11,68478739131,1845.57392215675,211713928319.035,33582379213.0693,8.23193100646384,2173930631.14283,95778536.2124883,263.579,0.08
2021-02-19,51733.07554,9.63911e+11,58486508606,1938.56943680746,221863277318.404,34799956643.6987,9.01266263252076,2375754523.61069,93285838.8824759,263.579,0.08
2021-02-20,56038.72776,1.04419e+12,71397235197,1969.97971776282,226038410300.143,34796767875.9633,11.4408694018942,2993685734.10513,337882476.362909,263.579,0.08
2021-02-21,56377.63348,1.05056e+12,77351787996,1929.36769287966,221404545098.434,44957939435.5346,10.0447338254641,2615417098.0195,151686888.404297,263.579,0.08
2021-02-22,57669.30353,1.07538e+12,61223272211,1941.4267676798,223004310602.469,33064349740.9067,11.1134029369101,2943199329.5458,185663015.638801,263.579,0.08
2021-02-23,54410.85629,1.01209e+12,1.01532e+11,1788.61521028064,204731064486.906,53799590366.0368,14.4237305333873,3751426598.91799,745502104.783165,263.579,0.08
2021-02-24,48691.89483,9.04134e+11,1.1669e+11,1563.92460590114,179691686731.151,62714754623.3412,15.1582779450736,4014384609.48505,1244332504.0368,263.579,0.08
2021-02-25,49849.37871,9.29082e+11,73140585469,1628.39153379266,185843232352.391,40313400449.1553,17.4718036404675,4630153132.80619,653765450.524351,263.579,0.08
2021-02-26,46992.66545,8.75884e+11,60355381276,1468.86010372868,168658293547.985,31736119376.2585,13.8110090655849,3670715311.01561,528005152.612853,263.579,0.08
2021-02-27,46551.48748,8.69071e+11,74357197464,1450.98874680412,167151176870.98,36682073651.9058,13.6689359589773,3630663218.35127,439215087.793657,263.579,0.08
2021-02-28,46653.5264,8.6965e+11,50989764249,1480.12957684775,167833687528.282,28221473460.2142,13.3109651187552,3502097092.03485,331645301.89716,263.579,0.08
2021-03-01,44970.16346,8.38308e+11,59679588927,1416.66155283757,163289758568.536,35420463945.4733,13.0307690658314,3482110143.44744,388225411.00663,264.961,0.07
2021-03-02,49787.33996,9.28147e+11,63218569172,1570.39968963405,179885012253.057,31604939381.8638,15.0300856856431,3973508157.31981,392440888.403443,264.961,0.07
2021-03-03,48532.23679,9.05413e+11,53499537417,1497.08910426339,172017777678.297,29049758215.725,14.0100862542804,3703367097.58398,225140396.160563,264.961,0.07
2021-03-04,50577.45747,9.4297e+11,59212268141,1579.42716876031,182133382817.636,30352405292.0897,14.1310035089426,3742765612.83929,196774080.844339,264.961,0.07
2021-03-05,48727.4512,9.08517e+11,60749587836,1546.49962111674,177647949967.011,29848246930.85,13.1150240937235,3465889173.00098,147658517.89297,264.961,0.07
2021-03-06,49091.81488,9.11379e+11,56568112294,1539.04842909474,176268279969.458,28537887161.0187,12.631070178773,3328224948.51939,114430118.942305,264.961,0.07
2021-03-07,49019.36859,9.16505e+11,41478786533,1661.92796989982,191505024384.296,31094969328.9843,13.0680955129823,3455484976.17657,151724548.432345,264.961,0.07
2021-03-08,51313.09262,9.55041e+11,46146324828,1727.46309622457,198695961501.544,29416647567.9578,13.9171870452696,3683032789.57855,176392184.7459,264.961,0.07
2021-03-09,52328.53591,9.74195e+11,53568946626,1837.53303054395,211132676701.599,35353973627.3808,13.6402258369103,3627821384.30089,135033736.394285,264.961,0.07
2021-03-10,54700.27344,1.01898e+12,57418251743,1869.3311016255,214412034435.939,31147565432.9653,14.8666070852966,3948666694.26317,167995189.731889,264.961,0.07
2021-03-11,56020.48772,1.04481e+12,63560545037,1802.31109168812,207916309215.614,31746963272.742,14.2335396536209,3801048410.63819,146460475.435415,264.961,0.07
2021-03-12,57788.8681,1.07784e+12,64605228618,1826.05747681198,210018342198.098,31257932436.5352,15.9765714186309,4251534865.37094,296645197.902651,264.961,0.07
2021-03-13,57353.86147,1.06978e+12,59984971692,1770.93617936978,203771682506.152,28436574756.5485,14.598623129754,3904039878.01888,234666311.889873,264.961,0.07
2021-03-14,61315.19793,1.14519e+12,67332756651,1927.7207203999,222405459430.768,32785949401.5295,15.3184786638469,4102822643.22511,187955914.458191,264.961,0.07
2021-03-15,59428.96757,1.11168e+12,48104078384,1866.07154470088,215367930757.887,26379565439.2523,14.5673140521361,3914890622.83521,111823964.283825,264.961,0.07
2021-03-16,55805.32925,1.0492e+12,70594488700,1791.04785183011,207264868908.989,32950345872.8525,14.1633658851786,3802503168.31974,133187836.1555,264.961,0.07
2021-03-17,56830.25334,1.06022e+12,63219904254,1808.55121736144,207059072434.726,30686971237.0883,13.6893137402195,3652666107.39409,144943707.171302,264.961,0.07
2021-03-18,59014.92563,1.10103e+12,63368268626,1828.75483323426,210150824167.564,30744899541.0095,14.2777562642752,3813907144.36305,118128026.422545,264.961,0.07
2021-03-19,57922.40959,1.08107e+12,58387006276,1780.15964595285,205022936620.986,29651777827.9219,14.268675675973,3818502582.10846,98337016.8509836,264.961,0.07
2021-03-20,58243.27061,1.08674e+12,51948388931,1817.13296280843,209188785173.587,27345983317.0467,14.182866696542,3784530964.20363,86842533.9563184,264.961,0.07
2021-03-21,58376.15847,1.09002e+12,54549112636,1817.86014312949,209455699202.518,29495472699.3993,14.2758040303455,3827195162.44784,86343402.3959328,264.961,0.07
2021-03-22,57573.53934,1.07436e+12,55664123838,1790.37807475269,206013222508.089,29228757709.8678,14.3062297549518,3820743747.18029,79484161.8717318,264.961,0.07
2021-03-23,54370.13756,1.02064e+12,62001716795,1686.89119715804,195434685366.633,31376731220.1751,14.8703374822279,3996883816.28734,326592283.755726,264.961,0.07
2021-03-24,54584.86995,1.01764e+12,60383378707,1673.85918356279,192388701720.42,28758919428.4797,14.1945677862288,3797038254.76521,133887151.902857,264.961,0.07
2021-03-25,52526.8666,9.82797e+11,73029051195,1581.63105593137,183005042939.677,38413713634.3628,13.6039381640181,3673111725.42586,147906709.02354,264.961,0.07
2021-03-26,51416.9083,9.59155e+11,63401640503,1587.29796415852,182810172113.943,26325124557.6303,12.9645227583144,3458196577.607,143844943.834949,264.961,0.07
2021-03-27,55033.10048,1.02721e+12,55442557956,1700.36686935812,195511706252.943,24804294373.6447,14.7490540720986,3952457817.82853,183730696.644504,264.961,0.07
2021-03-28,55832.41811,1.04218e+12,47285749219,1713.83787568345,197943394049.891,21118379279.8769,16.5664372536452,4447942286.04174,282806957.30753,264.961,0.07
2021-03-29,55728.10133,1.03933e+12,49315845081,1689.03679820591,194647792269.72,19859272131.745,18.0080696733299,4849136131.61075,534850426.55737,264.961,0.07
2021-03-30,57634.92869,1.07594e+12,57387039705,1817.62638808887,209088522651.8,32618518751.6075,18.8848908658437,5060496028.96088,266282434.705308,264.961,0.07
2021-03-31,58668.62834,1.09529e+12,52387542501,1840.2949519854,212080597430.123,28496809577.7113,19.1757557518766,5140859722.05064,320692680.341766,264.961,0.07
2021-04-01,58817.37389,1.09813e+12,57495844478,1915.83253584622,221210690537.732,28955571443.6723,19.4866319435582,5229172252.45352,255371895.727941,266.614,0.07
2021-04-02,58801.19484,1.09858e+12,54320681401,1970.47119952328,227187483748.828,32076778812.4586,19.0554505159195,5115358904.3969,213522852.924449,266.614,0.07
2021-04-03,59060.02678,1.10313e+12,52224918752,2134.10178829729,246446284273.692,35467665330.6719,19.7383192462735,5287278539.18804,162070984.463778,266.614,0.07
2021-04-04,57060.40665,1.0671e+12,52067853988,2016.66724729304,233519912234.63,34872897876.6511,22.5989630451636,6076766593.93319,600716419.56809,266.614,0.07
2021-04-05,58228.80262,1.08734e+12,46156767978,2077.75521242241,239721240194.14,26817722961.4804,24.0228291156033,6459213598.51833,536246712.900277,266.614,0.07
2021-04-06,58706.81559,1.0962e+12,54670173277,2097.79638277926,242118495324.836,30867393925.631,22.9429858359747,6143755028.5316,324307982.046024,266.614,0.07
2021-04-07,58062.17872,1.08434e+12,61497704158,2115.05545174611,244306254505.299,33391498272.7832,24.9895491835796,6677871480.25141,404116807.871563,266.614,0.07
2021-04-08,56134.41739,1.05076e+12,67617613532,1989.14806190417,229324263726.266,39604003543.5445,26.6747329542778,7244692415.79223,714313720.050788,266.614,0.07
2021-04-09,58065.64402,1.08336e+12,48714359354,2081.3540625399,240116470865.162,27145394978.1915,27.0051463724097,7238834909.90015,445724093.106052,266.614,0.07
2021-04-10,58152.99326,1.08579e+12,45880879042,2069.66779608553,238825167325.683,25076796421.0728,27.7846981229141,7509326042.8224,351754156.426419,266.614,0.07
2021-04-11,59979.39282,1.11622e+12,61788197399,2142.79606539291,246336623343.478,32243242817.7772,26.8339660620212,7243681262.22885,340108404.220596,266.614,0.07
2021-04-12,59988.02096,1.12061e+12,46792500387,2150.26514279277,247431817683.189,25369863410.0445,27.8177698273094,7504132255.22425,293810895.928427,266.614,0.07
2021-04-13,59911.02059,1.11853e+12,55994558889,2142.47627586574,247289165411.201,29096213677.7358,28.5239805124,7668557969.1844,388174413.343228,266.614,0.07
2021-04-14,63576.67604,1.18774e+12,71993120011,2304.34351631101,265314823430.146,35760747636.0573,27.5695072680145,7477651408.25117,327658007.71777,266.614,0.07
2021-04-15,62807.12323,1.17341e+12,80157135508,2429.66152775157,281118122172.128,43351853140.3018,26.4515163605205,7124964901.16828,425296729.17071,266.614,0.07
2021-04-16,63179.77245,1.17956e+12,60495376851,2514.16841558123,290591950682.466,37106765660.1161,27.829491943132,7510746946.81305,267944999.871187,266.614,0.07
2021-04-17,61497.29957,1.1496e+12,86260673270,2424.55384470812,280617563098.828,43982805217.5112,25.2802650432874,6847726667.98553,294302057.270323,266.614,0.07
2021-04-18,60273.86668,1.12559e+12,63808212133,2345.26696277613,271060261616.955,35627176091.5798,25.010979153378,6763365116.21136,259794445.973618,266.614,0.07
2021-04-19,56288.94534,1.05362e+12,1.02066e+11,2245.76075335085,259329079995.442,61890227351.9762,32.4300066665683,8839759827.80099,1456340755.96897,266.614,0.07
2021-04-20,55721.16605,1.04315e+12,66156275210,2168.03272673565,251090482814.827,40335730705.2904,31.7251483000509,8636876765.15214,1138689654.52897,266.614,0.07
2021-04-21,56294.72856,1.05515e+12,68166802216,2324.28468722819,269456185695.199,44737302423.7656,31.6877927247147,8638723481.25625,982110136.363715,266.614,0.07
2021-04-22,54190.07026,1.0127e+12,56115370322,2373.50134429821,274296843910.208,43726884251.9459,32.3136218932621,8840620046.28229,916541281.581618,266.614,0.07
2021-04-23,51965.56643,9.71175e+11,77897442832,2426.0711497906,280712855517.318,63343308067.3157,39.0418015930907,10546870753.4112,1619297323.14478,266.614,0.07
2021-04-24,51191.1247,9.56744e+11,91138220375,2364.23120360209,273323480799.645,69126869461.517,37.0668897043591,10009570403.2668,2170847454.23824,266.614,0.07
2021-04-25,50133.1074,9.37015e+11,49296256746,2212.8437976342,258340689899.588,35640594314.433,40.7449227199032,11122055713.4872,1508721736.12446,266.614,0.07
2021-04-26,48981.44139,9.15534e+11,46233432154,2307.35532084471,266776799157.934,36744402576.6004,47.6615894234518,12948847195.8886,2115947832.91454,266.614,0.07
2021-04-27,53978.80555,1.00839e+12,60226926860,2532.38680288511,292829223558.312,42791797037.0323,44.4964806617465,12053853291.9568,1808647601.2949,266.614,0.07
2021-04-28,54991.81484,1.02762e+12,48468560013,2647.15818966029,306136280873.38,37611597877.6299,43.2179653978875,11730117463.9088,889450121.296135,266.614,0.07
2021-04-29,54810.61385,1.02463e+12,48072930663,2748.78458512186,317353332381.204,42878743228.1645,45.0396201102473,12162250490.1541,1328456957.45434,266.614,0.07
2021-04-30,53596.70402,1.00197e+12,46958036373,2757.49755230498,318971242360.588,38536865198.3288,42.5819452001649,11521025311.4584,1007552489.88006,266.614,0.07
2021-05-01,57828.51181,1.08272e+12,53879045974,2776.70371169874,321155845972.335,35477884578.6223,42.9952963522152,11625206342.8932,715484397.660666,268.383,0.06
2021-05-02,57812.96916,1.0809e+12,43967070046,2944.91694731851,340730211563.779,36721647718.0042,49.6633941356483,13505629296.6477,1107804038.4559,268.383,0.06
2021-05-03,56600.74529,1.05785e+12,39072664394,2953.29734808047,341953594507.367,35727432415.5143,46.9345285464915,12731441940.8526,736253572.401462,268.383,0.06
2021-05-04,57200.3003,1.06957e+12,54132470274,3439.85506951926,398258027094.341,64192650586.4286,46.0878089458896,12596937422.5915,754315146.457899,268.383,0.06
2021-05-05,53464.37022,9.99775e+11,71296763919,3245.66314893358,380565712269.779,78437235045.7019,42.7018940956559,11695753640.9183,850967614.88984,268.383,0.06
2021-05-06,57432.10023,1.07097e+12,72158368258,3524.56272847605,409191426695.663,63552342594.1905,44.893093488124,12196654588.9377,632988283.988609,268.383,0.06
2021-05-07,56507.75944,1.0568e+12,87510802711,3495.07586903606,405355930465.529,50430169752.9615,43.437826970986,11848638343.0999,496643551.401742,268.383,0.06
2021-05-08,57361.56904,1.07283e+12,68154805947,3493.53450000021,404284565609.955,44980768421.369,43.0721343335424,11736620149.5191,628075167.800464,268.383,0.06
2021-05-09,58771.88169,1.09927e+12,66812167538,3912.74291659681,450716254202.567,60174921874.2412,45.6856732963839,12483159691.848,565022391.066524,268.383,0.06
2021-05-10,58213.92629,1.0889e+12,67906284081,3932.75406817097,455448294000.935,61625657297.1976,44.3591261601819,12070625546.3274,631361237.648315,268.383,0.06
2021-05-11,55901.66759,1.04571e+12,76672978748,3979.60865192128,461040789541.058,80827215917.6633,42.9604860023886,11724389834.3052,610750904.602907,268.383,0.06
2021-05-12,56928.97236,1.06499e+12,67726708141,4182.79028575229,481380994613.093,67869198116.3681,44.7243958188905,12215743859.1155,587946571.631547,268.383,0.06
2021-05-13,50004.76218,9.35512e+11,75523928654,3906.10890332941,465647015108.638,78772032254.8087,43.6215783692691,12440648899.351,1387803968.47368,268.383,0.06
2021-05-14,49972.7954,9.34965e+11,1.04204e+11,3750.34159505928,431105320829.478,97383442023.2658,41.1099689835382,11096669650.8297,1273761712.57332,268.383,0.06
2021-05-15,49913.26314,9.35963e+11,56820196965,4088.73170832043,473724804234.684,63587729060.2598,42.8718000295589,11689352286.1674,536552649.641544,268.383,0.06
2021-05-16,46780.9023,8.75321e+11,62896879696,3659.92184421362,425715131137.061,58150860876.149,43.4624275701551,11799908298.852,617414124.11738,268.383,0.06
2021-05-17,46585.06414,8.71696e+11,70636455914,3602.0048969299,414265118099.536,67531308123.8333,47.176667836431,12808567896.8784,2249695072.22003,268.383,0.06
2021-05-18,43780.8256,8.19257e+11,84054878924,3288.22988723786,381161976477.928,75100584775.8453,46.8617596167292,12904194705.3741,2104910795.04852,268.383,0.06
2021-05-19,43091.04145,8.00545e+11,65037066859,3399.04927965694,390227141901.116,59160464538.2805,56.2020090292921,15371663655.587,2063395663.24131,268.383,0.06
2021-05-20,37287.3914,6.97785e+11,1.41151e+11,2505.01494594566,295232973801.779,117905041184.065,35.7588441605868,9921711894.07515,2921072601.00622,268.383,0.06
2021-05-21,40437.7301,7.59679e+11,95001812131,2778.2796605603,322162621074.796,92538167827.5173,44.5257026253438,12171270499.1571,2519340039.67248,268.383,0.06
2021-05-22,37339.6342,6.98763e+11,88706010988,2419.10321711502,279623071718.589,115000901891.803,38.4316014469734,10430110171.2959,1807465387.13,268.383,0.06
2021-05-23,37520.31768,7.02144e+11,61178935274,2306.37126686712,268503273693.003,102524751568.453,31.6146018945284,8668570148.20386,1134738458.84617,268.383,0.06
2021-05-24,34977.5278,6.54559e+11,84358034876,2120.03737450994,244070264760.929,77839858613.5392,24.767639791264,6741153859.71121,1988074629.74709,268.383,0.06
2021-05-25,38642.4423,7.23143e+11,71163197727,2640.15963234882,306046123107.583,73496058830.8323,30.9854673705179,8456340961.64499,1351443455.14173,268.383,0.06
2021-05-26,38210.80522,7.15249e+11,48724794158,2695.47780714963,312566215516.573,92468701273.9839,30.0064495259039,8200361459.25272,934610971.722382,268.383,0.06
2021-05-27,39406.93424,7.37669e+11,47026386118,2882.48340762401,334435114557.131,53115222704.6206,35.6502536448233,9637728345.15333,1118628986.91935,268.383,0.06
2021-05-28,38642.89555,7.23137e+11,40836817156,2742.99086269761,319404492002.522,44070236220.0341,33.6593425903551,9223068939.87132,662066528.441319,268.383,0.06
2021-05-29,35710.22094,6.68522e+11,49991590068,2433.32886572861,282228507934.92,49493519120.2364,29.0219483932577,7915741496.51031,624114420.045115,268.383,0.06
2021-05-30,34775.07941,6.5424e+11,43184025045,2294.62628551279,268672927561.125,47141249182.2727,27.5572041629278,7555682949.6169,402043440.13746,268.383,0.06
2021-05-31,35714.75202,6.68664e+11,30650274658,2395.85322800274,278270782653.562,37392021393.9401,28.5622874266587,7786190305.53541,385506550.294192,268.383,0.06
2021-06-01,37340.67927,6.99139e+11,37950798680,2708.42986579397,314463232386.788,44445830387.9322,32.6621225978766,8921358871.64325,556481220.858271,270.654,0.08
2021-06-02,36680.0682,6.88726e+11,33536905028,2632.65659986965,306488816882.144,39898648753.4186,30.9852381463983,8466375153.86495,451120119.866493,270.654,0.08
2021-06-03,37685.71798,7.04531e+11,31240691604,2717.15403670977,315313344228.827,39148856525.2962,34.1880488553096,9317118424.38306,526537332.912624,270.654,0.08
2021-06-04,39151.31618,7.33151e+11,33396718845,2858.27670209791,333964598115.05,38104663185.4012,39.7066754505602,10988660955.9294,1003176056.37302,270.654,0.08
2021-06-05,36938.72031,6.91747e+11,39345490149,2694.49766667905,312991097366.854,39996583175.2667,37.5991622182298,10271428908.0652,1090388198.69137,270.654,0.08
2021-06-06,35546.98596,6.62913e+11,34068172836,2624.76891505942,302743417251.825,34731979704.6017,39.3400108884062,10611364493.4588,1151594281.25408,270.654,0.08
2021-06-07,35834.47447,6.71131e+11,27689283071,2711.54793901116,315044778229.297,29050162248.9389,42.2598870528484,11508207254.4943,825017874.733521,270.654,0.08
2021-06-08,33451.38341,6.26527e+11,33345528753,2580.53558005984,299857516850.199,37385872210.2505,38.1947323698091,10637505878.1817,942584607.208076,270.654,0.08
2021-06-09,33557.15068,6.29019e+11,46727462986,2528.02230087869,294068580258.728,48344195673.5211,41.4171483296245,11375166576.6811,1825252143.25273,270.654,0.08
2021-06-10,37553.64376,7.05293e+11,54511387836,2620.62538930385,304761367058.162,43973432438.0826,42.0776525255362,11544497584.2101,1272173444.95345,270.654,0.08
2021-06-11,36903.30491,6.91682e+11,42952476855,2486.60006878868,289444120869.427,33075957436.7607,41.2059607021251,11231058225.8725,624242377.725589,270.654,0.08
2021-06-12,37289.43252,6.98528e+11,36358044263,2356.63477418968,272748408238.435,26751786966.4787,36.0903809724203,9831892846.25532,558803764.835251,270.654,0.08
2021-06-13,35666.14978,6.68149e+11,35710196743,2379.99174795022,278223731471.048,28235882061.7069,36.5683752668831,10095207879.6494,584578781.818262,270.654,0.08
2021-06-14,39147.70568,7.33403e+11,38185633278,2517.77169552542,292767118262.084,29382118964.283,38.820386099134,10521989454.9327,488535747.53494,270.654,0.08
2021-06-15,40624.51305,7.61104e+11,45836408439,2587.38161097915,300405113218.415,28128172338.3472,39.64405780181,10808680336.5319,564059144.821838,270.654,0.08
2021-06-16,40378.20255,7.56522e+11,36706248352,2561.188330932,298324322330.126,26803957680.0251,39.6994999771533,10852976029.829,508646352.887396,270.654,0.08
2021-06-17,38321.45466,7.18016e+11,36563438890,2365.87278619065,274666655404.675,26150320394.5278,39.54766089055,10781816203.2727,636535388.3934,270.654,0.08
2021-06-18,38193.61914,7.15652e+11,36330237284,2380.74451963392,275415199641.541,25708624827.0137,39.3272178479422,10638298323.849,472927528.302924,270.654,0.08
2021-06-19,35881.11137,6.73762e+11,35162612173,2231.55431549778,260039646334.192,26204484920.9938,36.6241025725206,10008182630.9149,481564015.606182,270.654,0.08
2021-06-20,35581.64227,6.66901e+11,28858979692,2176.30853631771,253396709038.799,20456963374.9596,35.2604847791964,9621683962.87426,302280531.196337,270.654,0.08
2021-06-21,35787.07741,6.70634e+11,35609127164,2251.56055936604,261478202409.19,26235850446.5491,35.2842748993762,9611623563.1087,507507928.94648,270.654,0.08
2021-06-22,31711.93547,5.98336e+11,51873870277,1900.12229989354,223202708788.721,39499960407.7835,26.5953813694991,7439425733.83702,836901347.21882,270.654,0.08
2021-06-23,32507.73871,6.0658e+11,57443014758,1875.3576944712,216876757208.593,38755019936.852,26.7292014662473,7157859824.73225,1371341088.67525,270.654,0.08
2021-06-24,33702.61779,6.31635e+11,39798236962,1971.10597798094,229518675836.765,28098744044.5095,30.8790037281617,8377496849.57257,1203441656.81158,270.654,0.08
2021-06-25,34675.44911,6.5034e+11,31862051544,1990.07615119106,231644258719.401,22447489241.6747,31.4405328115481,8585542319.49072,732654201.744898,270.654,0.08
2021-06-26,31943.13647,5.98703e+11,38635245431,1833.46316099816,213871849531.63,25981381067.4173,29.2372592335875,7985242401.76822,737663786.939992,270.654,0.08
2021-06-27,32023.9739,6.00235e+11,36873109420,1817.04766554068,209989265221.485,24249510320.7051,29.3747762187162,7914659494.02668,639618006.14469,270.654,0.08
2021-06-28,34607.29327,6.49262e+11,34335452117,1973.92686483835,229354016311.004,24316408028.1311,31.6746628114566,8602431238.49791,572104299.64303,270.654,0.08
2021-06-29,34556.84213,6.47741e+11,32453802891,2087.51872378742,243040539437.434,30629329805.7204,33.1141808690762,9040653316.65657,674515112.394726,270.654,0.08
2021-06-30,35968.99367,6.74231e+11,35121257876,2169.40006786598,253607549372.42,27149143846.9589,33.9229326773095,9355893411.03345,645572532.225487,270.654,0.08
2021-07-01,35171.4863,6.602e+11,31024153847,2279.35416141965,265951575833.035,29046221905.5034,35.8344025165912,9784660089.64145,791091273.174556,271.903,0.1
2021-07-02,33677.56624,6.29864e+11,29129630236,2121.65790063336,247210647940.187,25874247678.4886,33.5561711332426,9145093164.97416,663491276.666849,271.903,0.1
2021-07-03,33950.78656,6.33684e+11,25084046353,2157.88058486645,250754468066.219,22869223901.008,33.9589078424565,9219660440.79718,607351754.662538,271.903,0.1
2021-07-04,34729.89078,6.50382e+11,22986053605,2228.53239856857,259079167729.786,19954299562.6991,34.4655062054194,9395489549.38134,462037406.357741,271.903,0.1
2021-07-05,35394.21307,6.63572e+11,22727930418,2329.00475099882,271472550895.446,21119209512.997,34.4488487549447,9396692749.03861,424937662.013282,271.903,0.1
2021-07-06,33928.13422,6.36062e+11,25894820185,2217.30185305988,258719784082.817,22592756940.4151,33.1200554511682,9033978686.40078,436664234.535345,271.903,0.1
2021-07-07,34149.98981,6.40406e+11,26106856612,2320.6549288317,270697947572.192,24748897613.7097,34.2912376666478,9343669279.57661,499801292.469534,271.903,0.1
2021-07-08,33932.25464,6.36247e+11,23692220470,2317.23694270242,270116728160.123,23352988376.91,36.657274540397,9995196544.2506,727575218.171628,271.903,0.1
2021-07-09,32933.5782,6.17862e+11,29065577052,2126.44246739023,248124573571.679,24133566100.8645,33.5141439008353,9137574846.54925,691932146.205635,271.903,0.1
2021-07-10,33971.29775,6.37e+11,24282108111,2156.58095695258,251611015863.323,22262234450.0103,33.5318526308046,9138440436.82788,454190333.144589,271.903,0.1
2021-07-11,33704.53847,6.32186e+11,20558304484,2123.05859749341,247860822594.064,18091111748.4408,31.9392023433646,8716478997.82985,415853889.119223,271.903,0.1
2021-07-12,34299.93802,6.43336e+11,17798828844,2144.01425727226,250027222000.605,14249909363.1311,32.1232922360685,8760359617.46642,296169725.628161,271.903,0.1
2021-07-13,33262.65435,6.23351e+11,21683885321,2042.49918661436,238086643137.17,16403901753.7972,30.9534740270569,8429306463.20411,312330343.18604,271.903,0.1
2021-07-14,32676.3838,6.13002e+11,19932531700,1944.39501663721,227135827760.929,18210922217.7032,29.1620682338916,7953342249.0019,270392426.078313,271.903,0.1
2021-07-15,32878.50187,6.16691e+11,21779069066,1997.6633136706,232939479730.007,20007437042.5854,31.2360010180844,8488446183.42694,474454643.505802,271.903,0.1
2021-07-16,31726.03883,5.95342e+11,21557729227,1910.726951631,223534356736.759,17978198759.7691,28.3235374349524,7712932810.68444,469048384.990248,271.903,0.1
2021-07-17,31399.65313,5.88495e+11,22671859963,1874.20024968082,218477848474.561,17448403933.7244,26.2632328276607,7168957057.32115,372119879.070388,271.903,0.1
2021-07-18,31588.67135,5.92582e+11,17715455995,1899.84275006636,221838551362.959,14920352990.2169,26.7916875546596,7314497718.90399,292646432.685835,271.903,0.1
2021-07-19,31919.39392,5.97872e+11,17742105808,1905.72338284317,222305469349.286,15355055465.8032,26.8939389486592,7331794881.76215,227071207.715628,271.903,0.1
2021-07-20,30928.21191,5.80252e+11,20095540828,1824.9293920919,214106247241.34,15768554506.4258,24.8162005423654,6774142705.91918,370348465.205461,271.903,0.1
2021-07-21,29971.90378,5.61743e+11,23000299062,1794.97342518683,209392844466.016,20634025154.9144,23.8584460969601,6500208589.08308,422162867.930827,271.903,0.1
2021-07-22,32383.78113,6.05357e+11,29070652060,2003.72392145211,233005814487.535,25849497421.0282,26.67239697293,7243897344.25376,573149420.44132,271.903,0.1
2021-07-23,32409.49977,6.07622e+11,19741588059,2027.5334479167,236554595198.767,21655718476.4188,27.7629780355323,7561860534.39922,375801784.213434,271.903,0.1
2021-07-24,33455.55127,6.27747e+11,22937379735,2117.1546077945,247068794868.146,20760571836.0524,28.3760677741901,7713349030.4701,407425804.481239,271.903,0.1
2021-07-25,34213.59993,6.42013e+11,22120323672,2183.6274145577,255023351844.862,19333415460.1112,28.590333033238,7794117620.73743,363380694.22901,271.903,0.1
2021-07-26,35456.12466,6.64681e+11,20929083221,2209.49936010301,258067996305.172,16557827418.5033,28.3188177664353,7718142916.94553,316495335.588903,271.903,0.1
2021-07-27,37281.91809,7.01921e+11,53550491998,2230.21206767347,261543645427.027,35197538271.1469,28.0966979463044,7706970297.4803,755245025.249762,271.903,0.1
2021-07-28,39076.59377,7.32312e+11,36401287454,2292.57963680381,267339757878.519,28862032737.5532,27.9511310126419,7591579830.59807,375190958.356094,271.903,0.1
2021-07-29,40031.19824,7.51371e+11,41369107423,2299.68940593629,268838784855.669,23171592869.5943,27.8718012522294,7595729558.87112,324323976.869768,271.903,0.1
2021-07-30,39977.75694,7.50408e+11,28717414113,2383.44325996173,278785893426.224,18266719970.9616,31.4165763338853,8603692851.64597,490243888.023641,271.903,0.1
2021-07-31,41936.26148,7.86532e+11,35530501783,2462.39998264801,287344044145.014,24040211451.3655,32.2526918193016,8782089188.68017,673479026.408478,271.903,0.1
2021-08-01,41754.1666,7.84039e+11,28437941447,2541.67459936591,297505707149.1,21579519281.2799,36.2487603553161,9870964496.72077,614044704.384624,272.676,0.09
2021-08-02,39914.82976,7.47404e+11,28555173662,2555.40817851304,297290528238.903,25689002090.2794,34.1725116692706,9272656715.85679,548581372.50092,272.676,0.09
2021-08-03,39278.76651,7.3744e+11,28057528866,2611.67306994818,306483554365.192,26664958251.5823,33.2751183503895,9090469010.81534,463809054.21566,272.676,0.09
2021-08-04,38368.35401,7.20835e+11,28422901237,2521.26847488909,294760000421.452,26304380467.4342,34.3401202664068,9368039157.99135,535386826.383001,272.676,0.09
2021-08-05,39751.58458,7.47086e+11,27751046040,2724.53224271363,319613239659.442,29356647318.2501,35.9054826038513,9803376069.99858,453652890.780435,272.676,0.09
2021-08-06,40825.38194,7.68416e+11,38527930905,2821.64969274614,330223699956.328,37970347683.5655,37.4798351247993,10217649265.2486,642276103.396846,272.676,0.09
2021-08-07,42802.13717,8.03853e+11,40840608017,2888.73227427523,337961452767.867,30876444992.2757,39.5399029155266,10788517295.5988,634966886.344055,272.676,0.09
2021-08-08,44647.5776,8.38457e+11,42725276705,3151.21751691768,368235028077.74,38870720439.1869,39.3826263434237,10716940358.7798,567721952.729135,272.676,0.09
2021-08-09,43753.21786,8.21705e+11,39633218479,3012.30855927021,352872000029.73,34209269717.3226,37.6658196214972,10274392698.3097,387950835.591577,272.676,0.09
2021-08-10,46311.0019,8.61863e+11,42726733998,3163.06465519489,363242219000.138,38510599666.5519,38.7625012109456,10540000830.3271,392755194.374255,272.676,0.09
2021-08-11,45639.51402,8.54345e+11,35669862362,3147.84299540175,368146417310.395,30456934757.0211,40.6629898094472,11060502356.7636,512007043.401634,272.676,0.09
2021-08-12,45652.06013,8.57661e+11,35679832771,3166.64721796793,371120421692.369,28540625893.8746,41.7994926538215,11911671445.967,518467624.071131,272.676,0.09
2021-08-13,44495.20979,8.36055e+11,35838614930,3048.41268168642,356667351344.903,28111908833.7308,41.1901495721405,11719191265.4597,501994574.001802,272.676,0.09
2021-08-14,47717.27053,8.95084e+11,34320865037,3323.19799054098,387650495386.423,25989682658.6423,44.6928401429409,12659136195.4305,536710066.671889,272.676,0.09
2021-08-15,47088.85313,8.86594e+11,33294851811,3268.54817703149,383333523376.431,21723717067.764,44.0628023660316,12632010978.8313,375775175.245111,272.676,0.09
2021-08-16,47025.00323,8.82888e+11,32863850458,3309.75491041324,387075388591.617,24412292890.9015,53.6783481575949,15290073919.0106,1453940559.43463,272.676,0.09
2021-08-17,46031.75754,8.66391e+11,34221605780,3153.58368376362,369733082268.304,25922917846.0465,62.2770802918977,18474853367.3656,3744578512.77999,272.676,0.09
2021-08-18,44534.45485,8.36777e+11,34488116651,3007.14402717127,354390048289.18,28303010380.7042,64.3034371065161,18770890602.314,4071432568.04525,272.676,0.09
2021-08-19,45015.46555,8.47143e+11,34668999388,3037.23025119644,357527359807.958,23192419118.6479,74.0048019564342,21274810508.6618,4552452964.3361,272.676,0.09
2021-08-20,46745.03462,8.67651e+11,38434805723,3144.81843678519,360685430760.797,20590444717.449,73.0485167694694,20809209324.2406,2751968421.55786,272.676,0.09
2021-08-21,49195.8786,9.23013e+11,36497089237,3276.96983664334,383483277312.281,22079051284.7997,78.44870433277,22425622491.8193,1816393865.85236,272.676,0.09
2021-08-22,48933.68915,9.2075e+11,42147725293,3224.00046015215,378500212583.482,19339185909.3674,74.2179255831704,21281170312.3089,1502846889.73521,272.676,0.09
2021-08-23,49250.54487,9.2563e+11,27110183703,3243.48635835374,380718215752.582,17023426890.4008,73.1255920592137,20991469522.0878,1004789455.20401,272.676,0.09
2021-08-24,49518.57749,9.30729e+11,35800255386,3320.40916978106,389578100858.597,22119621924.5618,75.9703364112444,22022469783.7776,1376624102.19384,272.676,0.09
2021-08-25,47940.60791,9.0249e+11,38387146175,3177.66379630469,373455291323.226,23531754575.6799,71.2128082355708,20724670218.1762,1645439131.94058,272.676,0.09
2021-08-26,49002.70377,9.21328e+11,33517327124,3231.4414517288,378980836224.528,20438475652.0445,71.5109402153286,20802776475.0368,1460931375.12859,272.676,0.09
2021-08-27,47229.07065,8.87832e+11,33774857003,3122.97179723785,367860898491.375,18755498273.8007,76.1136196360105,22227352877.2195,2687938993.53546,272.676,0.09
2021-08-28,49083.10331,9.2297e+11,34607868773,3267.539434751,383644799228.166,18470749435.076,87.9682073139137,25629594571.2721,3193853129.57637,272.676,0.09
2021-08-29,48936.53725,9.20018e+11,28491785397,3245.43022238763,380750077080.947,13957284069.5858,97.0666683322684,28329094352.2672,2343520709.06383,272.676,0.09
2021-08-30,48907.27073,9.19515e+11,26244843558,3233.38315169355,378786220548.799,14110206249.4834,94.0097741230086,27304152716.8866,1619244457.97642,272.676,0.09
2021-08-31,47124.25422,8.85729e+11,32326073272,3232.73386328546,378977088509.632,21741061738.5938,109.646732839386,31920673369.6292,4827155957.58322,272.676,0.09
2021-09-01,47335.4203,8.90015e+11,34868965959,3440.5623358869,403657783560.105,32201644522.6443,108.706376401637,31632430274.4135,7097442296.82563,273.91,0.08
2021-09-02,48823.05521,9.18058e+11,39060601275,3790.61399622156,444243407062.371,34465100677.9988,110.817816094656,32218252304.3308,3649705606.85158,273.91,0.08
2021-09-03,49338.78465,9.27323e+11,39362789535,3793.30074334642,444936758974.601,28115776510.3679,128.674186463065,37338512656.087,4623249675.43557,273.91,0.08
2021-09-04,49934.52828,9.37296e+11,42934455726,3936.16339162445,462019852288.094,30463347266.4265,146.357594482443,42571321335.8738,6871215127.90067,273.91,0.08
2021-09-05,50013.02995,9.40539e+11,36985805207,3894.93751160507,456929768632.252,24002848309.4245,139.59408991633,40720531105.9183,3607645007.2884,273.91,0.08
2021-09-06,51696.20643,9.71284e+11,31765191430,3950.27034452656,463973074693.074,19760598542.3004,142.135614166928,41412015757.6285,2711248607.00789,273.91,0.08
2021-09-07,52739.80017,9.92869e+11,37532574717,3943.25678530191,463012228435.444,20190616165.8551,164.560923759801,47904979408.229,5245858966.57195,273.91,0.08
2021-09-08,46995.16417,8.81944e+11,64010507329,3440.34175683657,404516339491.494,42541561062.4453,173.311095310187,51322390022.2456,16149087501.301,273.91,0.08
2021-09-09,46085.02862,8.66886e+11,48151104381,3496.85902299607,413866162089.439,34175479497.5158,189.344453313209,55627271034.2775,12034756697.7363,273.91,0.08
2021-09-10,46518.94119,8.76179e+11,38581092904,3435.97993265133,403936419964.887,25796050344.0253,188.275941581039,55264334912.2887,12182432665.179,273.91,0.08
2021-09-11,44802.6064,8.42223e+11,38051987740,3209.9156960905,376789025177.245,24111446202.2049,178.319570000683,52325632036.0205,6992113162.71153,273.91,0.08
2021-09-12,45196.48828,8.49828e+11,34160277726,3268.10416213488,383321475836.216,19742335705.0399,177.942401903354,52220905554.6776,5327211599.23984,273.91,0.08
2021-09-13,46195.2183,8.69123e+11,27585855039,3417.83936676694,402834673220.724,18149841767.1444,174.881320720344,51473851354.0501,3006790022.73088,273.91,0.08
2021-09-14,45139.83397,8.48993e+11,40683028028,3301.18677682873,387934440817.16,25897933725.9802,169.277346931387,49653193581.0907,6270536793.44014,273.91,0.08
2021-09-15,47135.432,8.86524e+11,38645575966,3425.25087337488,402557959131.822,21080767347.8257,157.377993503815,46493824080.6609,5484253084.14882,273.91,0.08
2021-09-16,48186.53276,9.06728e+11,30037816650,3595.96257142923,421477522819.936,18985547836.1914,158.596339838393,46994383928.4949,3973589945.00229,273.91,0.08
2021-09-17,47879.47344,9.00991e+11,31578783375,3573.30751602499,419510540250.73,22391476966.8771,151.948341102041,45094080634.8359,3163024291.18892,273.91,0.08
2021-09-18,47228.65822,8.92585e+11,27731209179,3412.17718242167,401297385415.455,19039612529.4441,147.584334434914,43906621683.9982,4637329446.05819,273.91,0.08
2021-09-19,48266.62707,9.07957e+11,27630476158,3427.58426153173,403306688199.63,16278153590.1321,170.109824012137,50565779823.4312,5288896343.36867,273.91,0.08
2021-09-20,47371.03933,8.9156e+11,26163167369,3335.88488651412,392513622186.478,14500103698.4941,153.326441718045,45589411995.1765,3442771809.93033,273.91,0.08
2021-09-21,42932.9466,8.05826e+11,41220025454,2977.32267934047,348966852277.936,28477674119.5653,133.368724743475,39478971644.3023,5652873068.78083,273.91,0.08
2021-09-22,40386.62364,7.60802e+11,45940419565,2744.1109995297,322261202754.766,32062935710.1689,122.692388617312,36248052948.593,5306957386.52234,273.91,0.08
2021-09-23,43587.22305,8.20461e+11,36624234960,3074.11976124582,359840797180.942,27084409011.0588,148.329354191243,44125796474.8162,4912176158.17308,273.91,0.08
2021-09-24,44980.89821,8.46616e+11,33594750550,3159.26986558177,371681653192.375,19536554032.0844,150.389653179757,44686382478.5557,3353529940.50914,273.91,0.08
2021-09-25,42752.16815,8.09772e+11,42973070343,2930.74270607389,349627373001.02,28504692815.7581,139.31414597543,41548029058.1603,3863693217.85245,273.91,0.08
2021-09-26,42856.85516,8.08279e+11,30898116660,2946.9708461402,347010586155.923,22533679023.5724,136.835452628887,40572796552.9812,2059643190.93425,273.91,0.08
2021-09-27,43336.86123,8.25341e+11,30462815705,3063.31634471348,359680654321.756,24916718280.6927,135.795933110021,40356234736.3754,2683407146.30616,273.91,0.08
2021-09-28,42247.35573,7.9489e+11,30483144439,2939.74228285378,346015184170.879,20890327693.7246,136.259521481245,40533909717.202,2989640865.28747,273.91,0.08
2021-09-29,41010.3752,7.75534e+11,29691944223,2798.9844172601,330646942649.068,18975426962.4995,130.604891907753,39030320223.3562,2409481752.97746,273.91,0.08
2021-09-30,41587.66786,7.82626e+11,30068690312,2855.61173052652,335476370747.338,17522543131.5811,135.27916281521,40196990252.3024,2423220767.17977,273.91,0.08
2021-10-01,43859.32615,8.27841e+11,30859918335,3013.49323203208,355017980604.51,19400423828.6223,141.183746492498,42018890336.787,2213933967.63708,276.55,0.08
2021-10-02,48181.87627,9.0693e+11,42089383190,3305.10704144372,388950236002.138,24368105704.2464,161.374029498027,47883980396.7337,4217104529.36291,276.55,0.08
2021-10-03,47777.76202,9.00582e+11,29742127388,3393.92424926967,399455864987.663,21335051735.3318,169.208843846765,50355827427.9676,3290801786.04515,276.55,0.08
2021-10-04,48282.97114,9.10331e+11,26034594562,3426.38708085138,403971441903.556,18130363405.6852,172.855870204067,51567116629.1339,2990394711.96689,276.55,0.08
2021-10-05,49260.23232,9.27812e+11,32691763060,3390.31040775961,400955543856.188,19898468513.4755,167.877909749928,50072719494.0835,3108612675.20471,276.55,0.08
2021-10-06,51668.99422,9.73041e+11,35480330025,3520.3422566394,415494260964.535,19024921944.4927,164.369276390161,49008643389.989,2550034958.92689,276.55,0.08
2021-10-07,55415.00574,1.04468e+12,48462388016,3592.17612950003,423560000564.38,24709364134.2356,154.094623609038,46002942256.3373,3216047716.75467,276.55,0.08
2021-10-08,53894.59599,1.01525e+12,36549815857,3594.91835796765,423610266229.869,21186801824.5711,154.25988506624,46145608847.8594,2469488735.0635,276.55,0.08
2021-10-09,54010.93747,1.01665e+12,33935485257,3558.54957708341,419918377734.596,18144469093.7796,158.914611083276,47345863609.8528,2714913213.20132,276.55,0.08
2021-10-10,55125.46034,1.03852e+12,31927344846,3588.08092155016,421836191767.032,13815631715.4478,157.33542144028,47177850270.1467,1421850535.6544,276.55,0.08
2021-10-11,54711.8696,1.03079e+12,38579271671,3431.01930691501,404765054558.193,18106607784.2629,147.696272816653,44343249688.3057,1495896606.82695,276.55,0.08
2021-10-12,57572.51086,1.08474e+12,41913482915,3537.84008712407,415159189478.826,20424407322.5807,144.859107944929,43203031420.3336,1718475615.24791,276.55,0.08
2021-10-13,56335.03546,1.06183e+12,40021384611,3498.10529212066,412579624206.768,20207646949.2405,152.000788298752,45622740431.6367,2766260744.01214,276.55,0.08
2021-10-14,57487.98588,1.08337e+12,41216945749,3605.65033429818,425077639326.607,18300885349.6373,148.392053958807,44499473671.8885,1975667394.42387,276.55,0.08
2021-10-15,57452.43179,1.0829e+12,35994603913,3794.51688822482,447060207235.154,21679175672.9158,150.091363223629,45052609321.7492,1912976981.95674,276.55,0.08
2021-10-16,61809.02394,1.16478e+12,53653355008,3885.6417645297,457796523350.223,23144188055.382,162.982174816648,48823858407.1943,3892259612.82945,276.55,0.08
2021-10-17,61165.63564,1.15385e+12,35385452269,3854.49846144934,453064999520.126,18154520779.6564,158.273702862366,47599650302.3095,1481556354.01191,276.55,0.08
2021-10-18,61583.77444,1.16065e+12,29625957542,3854.22368694084,453191180361.09,17263171427.4457,159.86349202431,47919023512.0358,2132944251.54332,276.55,0.08
2021-10-19,62017.97273,1.17394e+12,39610183787,3752.61872738495,443346920004.583,18931081929.448,157.375324890909,47243856329.8111,1619036320.35766,276.55,0.08
2021-10-20,64517.64856,1.21758e+12,42550624869,3884.5872952429,457653555321.406,17449609317.9766,156.390680648855,46992561227.9384,1345983825.32651,276.55,0.08
2021-10-21,66237.51755,1.25038e+12,40790757382,4170.10793288627,491589810670.451,21926381355.4195,175.601956292203,52336972845.3937,3069126856.40385,276.55,0.08
2021-10-22,62541.08693,1.17893e+12,48709960686,4074.86015752029,481528471021.38,50122173541.0596,189.059318903828,56745796681.7565,6298926456.00681,276.55,0.08
2021-10-23,61029.27093,1.15151e+12,40766460605,3990.71197643347,471642481174.712,21674013294.7464,197.833899688342,59570438795.9271,6789555146.63721,276.55,0.08
2021-10-24,61572.14043,1.16117e+12,28505039148,4179.44229816945,493125402509.434,16499701301.3458,198.306952250473,59635176948.8574,2951218516.18309,276.55,0.08
2021-10-25,61173.16639,1.15332e+12,29982535557,4094.93899341872,482164548780.289,16494229912.4561,203.165288952892,60949072513.0854,3114589452.21127,276.55,0.08
2021-10-26,63228.21383,1.19213e+12,30852852368,4230.20837159404,499491060520.257,17031857290.3441,211.190801507942,63765586638.2686,4469234352.34706,276.55,0.08
2021-10-27,60604.18889,1.1435e+12,33233702858,4152.57028873124,489450382752.542,18925943956.1756,199.75011389046,60474514072.5414,3052799572.79364,276.55,0.08
2021-10-28,58641.00147,1.10575e+12,43976252157,3944.09086178132,466683206492.377,28770879596.1593,183.542749569956,55282416869.1436,4812686988.40854,276.55,0.08
2021-10-29,60767.55585,1.14591e+12,52318597557,4288.09721878663,505970778337.469,29989860066.0207,195.086259663025,58664473682.872,3385641009.2162,276.55,0.08
2021-10-30,62283.19806,1.17805e+12,38648967245,4422.94053559375,521746545883.682,25462638679.9745,199.78453254803,60296944148.1569,2703331790.53095,276.55,0.08
2021-10-31,61837.257,1.16642e+12,31810216330,4324.60992571188,511066583044.329,15937401968.5755,193.337853738451,58207049317.824,1651079244.14626,276.55,0.08
2021-11-01,61471.86846,1.15984e+12,32494948461,4292.04047236198,507889381626.991,18516249996.1869,202.391447187159,61090424896.0427,2508960378.24701,278.919,0.08
2021-11-02,61121.8312,1.15283e+12,35834742028,4330.55315159525,511441678721.35,19235929520.3062,203.814207791674,61206174446.0688,3098391561.69844,278.919,0.08
2021-11-03,63247.20896,1.18695e+12,37335066460,4596.59309058429,539884557845.201,22135519614.7321,220.653811487408,65196157014.8824,2953101041.24902,278.919,0.08
2021-11-04,63130.94235,1.18705e+12,36561444797,4607.69927307814,543311992233.977,22744538221.1432,242.046141874349,72820184828.9129,5949095156.10089,278.919,0.08
2021-11-05,61601.74357,1.1571e+12,33152275947,4550.0144351427,534623910067.635,19583405367.2671,249.062885676093,74509034095.4859,4457165321.34626,278.919,0.08
2021-11-06,61247.38494,1.15453e+12,31182137448,4494.80276090967,531116824617.721,16182205113.4403,237.889461433312,71642292583.5081,2814464970.69267,278.919,0.08
2021-11-07,61661.35866,1.16249e+12,31423601393,4527.10415415062,534139628777.633,17697965751.1566,259.239558286641,77427308372.1274,3906155465.66011,278.919,0.08
2021-11-08,63153.23019,1.19163e+12,24877902990,4626.6292884487,546469946549.375,14665949273.0518,250.364793231966,75738472890.5271,2644011982.2496,278.919,0.08
2021-11-09,67617.01554,1.2788e+12,1.05426e+11,4815.00463432223,571665766496.086,21226347241.3562,248.822498664158,75445282061.2759,3223918132.65852,278.919,0.08
2021-11-10,67145.37494,1.26812e+12,41207912438,4742.08091060724,560964266378.83,20669583046.2878,239.420426680711,72453801809.5157,2681222975.32935,278.919,0.08
2021-11-11,65061.05441,1.22168e+12,48648563669,4641.5287648497,548699344220.535,25152889711.5764,233.073669766191,70391383039.2999,3800891475.93517,278.919,0.08
2021-11-12,65005.64516,1.22861e+12,35457583783,4732.92445034936,560226056358.65,19048319256.4201,234.864332413487,71231238187.658,2618456168.35302,278.919,0.08
2021-11-13,64432.04795,1.21593e+12,36872626218,4685.10635551733,552938385233.938,20883749031.7929,229.398557311419,69321107450.5786,2941595137.27668,278.919,0.08
2021-11-14,64660.33535,1.2203e+12,29677693457,4666.49849819429,551228905630.096,13954188613.8072,241.334800459955,72948327032.4192,2171331102.08043,278.919,0.08
2021-11-15,65648.97779,1.23902e+12,26088449437,4652.94739423887,546963335748.596,13927559432.5462,239.514472537197,72218517508.2444,1611356876.87758,278.919,0.08
2021-11-16,63933.83544,1.20671e+12,32107212452,4583.21141875901,541673876615.103,17939105212.6701,238.764627504461,72198022029.5331,2359326721.66114,278.919,0.08
2021-11-17,60448.56251,1.14191e+12,48978396011,4243.35290680217,501391963927.787,30162258590.6919,220.097641633249,66832143637.9616,3508776790.4518,278.919,0.08
2021-11-18,60603.65587,1.13814e+12,39200729529,4302.80495896283,507387229348.556,23532734478.93,219.105555346243,66086823807.616,2879294187.47985,278.919,0.08
2021-11-19,56987.32234,1.07576e+12,41828523862,3993.84659516186,472465696561.255,23825764061.5717,195.078506569315,59087558120.5931,3731836544.93428,278.919,0.08
2021-11-20,58459.25552,1.10359e+12,37851259606,4317.60319564617,509116804761.842,21398451638.7775,215.834944211533,65296328677.0951,3291840770.39255,278.919,0.08
2021-11-21,60082.91167,1.1343e+12,29676550712,4436.19276693045,524536655944.934,16407598047.996,218.329399686672,66281609248.1235,1870041532.10982,278.919,0.08
2021-11-22,59139.77928,1.12061e+12,25743426947,4319.3615668569,514388218179.737,15090104727.2781,232.441145628444,71043502688.0135,2555181056.25603,278.919,0.08
2021-11-23,56386.85685,1.06462e+12,34001467919,4101.06287649014,485391988431.905,21563803786.4985,216.399006846141,65724676692.438,3174537421.97906,278.919,0.08
2021-11-24,57748.79317,1.09038e+12,36421192857,4355.42095779647,515843824526.397,23393688031.3188,222.098158232217,67490798261.186,2144049180.21628,278.919,0.08
2021-11-25,57198.18385,1.08004e+12,31695369988,4269.43721972804,505609296276.326,19881953842.3648,205.548652750619,62457339767.6258,2339653646.04675,278.919,0.08
2021-11-26,58897.84698,1.11218e+12,33721097081,4515.84330014274,535082405000.054,20241529505.6876,209.792151909844,63900196618.3886,2227843775.41523,278.919,0.08
2021-11-27,53827.79287,1.01649e+12,41325811946,4048.31284407617,479414339295.463,29276733766.8396,192.147426177882,58390912497.6678,3216471568.33627,278.919,0.08
2021-11-28,54533.40388,1.03078e+12,28256851068,4084.08848569596,483997326749.389,16500509901.6601,192.136199824476,58410646819.2171,1351630152.31306,278.919,0.08
2021-11-29,57237.66114,1.08098e+12,27659464987,4290.0918625364,508385171334.443,17408610005.869,200.461419494184,61094490229.6823,1935383257.02956,278.919,0.08
2021-11-30,57848.77354,1.09257e+12,30985196647,4444.52827982156,527331112023.334,20150915710.9959,204.350423279568,62325150548.6978,2007398408.75679,278.919,0.08
2021-12-01,57011.28047,1.0768e+12,35723038604,4637.1216168314,549758919636.062,31531135168.7739,208.705589094445,63510180677.8961,2697160307.73895,280.845,0.08
2021-12-02,57169.37199,1.07984e+12,49383073891,4589.61061753915,544051345075.854,27957934803.5599,229.448723970669,70172175382.706,3392086055.23743,280.845,0.08
2021-12-03,56508.26805,1.06741e+12,36296342257,4519.44102802878,537814995667.838,22586539837.2163,232.572227839676,71252377813.8146,3994513448.87254,280.845,0.08
2021-12-04,53785.96717,1.01604e+12,39527112726,4240.15551680896,502863051143.017,27620915094.0038,212.133885312666,65135413411.0554,3755641183.1718,280.845,0.08
2021-12-05,49161.99071,9.30097e+11,55941408415,4101.65679181078,485429065737.459,40547950440.4731,200.941310449225,61293686195.4667,5616789175.45075,280.845,0.08
2021-12-06,49268.46989,9.32015e+11,32826574574,4198.57287456246,497049834886.776,25848780907.958,196.568947086655,59802410642.4824,3228917298.92512,280.845,0.08
2021-12-07,50461.57684,9.53397e+11,36126018722,4347.61563059807,515778007028.567,30676805365.7531,193.891731902853,59370079864.6853,3396199570.30054,280.845,0.08
2021-12-08,50647.66341,9.56961e+11,30083305920,4310.56664642453,511409310852.724,21808603057.7599,190.372571142435,58418632345.7642,2433284110.29354,280.845,0.08
2021-12-09,50530.45806,9.548e+11,26590164539,4431.54064713976,525850414062.191,19661953642.452,194.301168646432,59595483461.4286,2194875795.14113,280.845,0.08
2021-12-10,47885.87199,9.04878e+11,27269362515,4153.33331072419,494841071220.935,22680202938.5062,181.751580184698,56181625087.336,1858809298.64316,280.845,0.08
2021-12-11,47303.56415,8.9392e+11,29611257205,3918.20074340295,467266449092.323,26799083668.8884,169.461070450677,52395376111.9788,1946102466.46173,280.845,0.08
2021-12-12,49242.30232,9.30604e+11,24619129767,4079.81493056987,484278596802.505,19796149221.596,171.844564719477,52819332275.0175,1791152660.69448,280.845,0.08
2021-12-13,50051.07835,9.45932e+11,19871029748,4135.84151013741,490316653455.371,14046344322.6747,173.735113430083,53334889635.7561,1094395903.41662,280.845,0.08
2021-12-14,46696.3047,8.8257e+11,29628245402,3782.89526223471,449137302105.943,24089144863.4007,155.08489768608,47995350984.2677,2372386156.30356,280.845,0.08
2021-12-15,48410.56466,9.15016e+11,30152105690,3858.1644681807,457658155854.806,20766055169.5431,161.060185568829,49398872819.4428,2156901491.53801,280.845,0.08
2021-12-16,48936.86258,9.25006e+11,33782603071,4015.72254331389,476630620294.281,26881290260.5777,178.261933765836,54610048507.2515,3458991299.15823,280.845,0.08
2021-12-17,47694.5305,9.01558e+11,24699414444,3971.55976634211,471365651341.3,19166579837.0213,176.805584743913,54368442494.9893,2454635867.46767,280.845,0.08
2021-12-18,46328.69637,8.75783e+11,30617760444,3886.74736171829,462267569583.399,23209497898.0918,175.790638413531,54006293233.1029,2355530732.25878,280.845,0.08
2021-12-19,46970.05705,8.87944e+11,23305069270,3966.42535167055,471195598700.436,18728700443.9701,182.970566956982,56393839315.2481,1440763837.45392,280.845,0.08
2021-12-20,46807.04862,8.84906e+11,23002876886,3928.84172387162,467396185408.525,15960000522.4842,179.938398835263,55790507174.0712,1441246078.15906,280.845,0.08
2021-12-21,47117.0082,8.90809e+11,29356191956,3950.4823919861,471319155562.154,21439121593.0351,174.371158716512,54061922630.2403,1718453799.12143,280.845,0.08
2021-12-22,49145.21726,9.29204e+11,25764127608,4036.54971781343,480570348192.474,16630181836.7203,180.126019195214,55570757138.2882,1539489579.12139,280.845,0.08
2021-12-23,48755.89564,9.21888e+11,21887790446,3992.59457663732,475334762859.672,14022344430.1782,178.573981506367,55058052155.0418,1635078520.69545,280.845,0.08
2021-12-24,50900.61495,9.60809e+11,26419703745,4113.52993187461,488290658809.154,18571462177.2677,190.512159298428,58709806077.206,1932687191.40997,280.845,0.08
2021-12-25,50888.72104,9.62312e+11,22535489970,4055.11736693132,482498690510.264,13351470832.6279,190.440368748095,58852086815.425,1997417409.14422,280.845,0.08
2021-12-26,50663.4871,9.581e+11,17235296606,4110.57187085374,488792890035.211,11869342790.2195,193.289253875785,59797071721.913,1257985154.98244,280.845,0.08
2021-12-27,50852.86026,9.61724e+11,19632044502,4075.03161894955,484795501758.747,11815773894.0208,198.197401286417,61198787207.6811,1747475952.80789,280.845,0.08
2021-12-28,50774.06781,9.60281e+11,22793878137,4045.05135011933,481030381194.192,11725230819.8836,196.03917939522,60810349839.6133,1631730024.32562,280.845,0.08
2021-12-29,47725.14805,9.02656e+11,29538983233,3807.3603674992,453976220406.224,18009599978.9032,178.297699220407,55425780679.2453,2541804765.83932,280.845,0.08
2021-12-30,46506.99465,8.74314e+11,26348739119,3644.40551687823,432082393736.337,15528813680.4625,171.272314632366,52726687301.094,1935535240.36988,280.845,0.08
2021-12-31,47191.86839,8.92649e+11,23753871435,3714.94545611534,441654436877.796,13445245167.2278,172.508894380216,53261290659.8685,1379259729.50483,280.845,0.08
2022-01-01,46319.65109,8.76193e+11,25895349605,3686.40254230194,439790867552.767,14298378834.3595,170.196608264572,52907181305.5065,1380634374.48236,282.543,0.08
2022-01-02,47816.07768,9.04552e+11,18904585811,3780.31587432785,449804685410.73,9948120591.3781,178.888797623429,55089640249.0967,960138212.527444,282.543,0.08
2022-01-03,47387.21217,8.97536e+11,33756128242,3835.39599149396,456852400304.933,10069690529.8985,176.321499895031,54604426218.5896,846802662.899371,282.543,0.08
2022-01-04,46531.14086,8.8033e+11,21890019532,3769.40494011487,448609586227.477,12462872357.2551,170.570838867401,52886550470.8218,1152100392.32967,282.543,0.08
2022-01-05,45938.02427,8.76243e+11,24895990584,3794.90813010045,454574318762.607,13853786397.2223,168.039484871452,52272480718.1409,1361207424.18007,282.543,0.08
2022-01-06,43647.14751,8.27723e+11,31837641246,3556.90622740787,424088794962.489,18782873941.2183,155.716706646921,48184360964.1156,1980976064.65646,282.543,0.08
2022-01-07,43216.45868,8.19523e+11,26366602397,3416.82600861591,407652437129.133,24467182063.0062,150.723624657729,46854691785.8186,1922945442.80852,282.543,0.08
2022-01-08,41527.19704,7.87736e+11,79685254648,3201.79457434796,381283293110.79,24359369448.5318,136.613308635309,42610750948.596,2713161094.77674,282.543,0.08
2022-01-09,41756.66232,7.92893e+11,23337017233,3101.04090161414,369734313550.987,15966769090.7924,142.376914910939,44680435604.2622,2495097582.92227,282.543,0.08
2022-01-10,41862.36099,7.91649e+11,18016718174,3156.96726215948,375219467789.37,11906478540.2654,140.970690194129,43844556062.7944,1383486991.26926,282.543,0.08
2022-01-11,41869.85906,7.92408e+11,27984634062,3086.72900243873,367654760059.018,19655314714.5599,135.982152750781,42320546842.2034,1797340432.32852,282.543,0.08
2022-01-12,42777.21102,8.09622e+11,22813557398,3246.41372302855,387505881839.83,14922195360.0755,140.263369244968,43823867475.8333,1407732234.40029,282.543,0.08
2022-01-13,43981.87733,8.3246e+11,28250302540,3378.03589517159,402763358249.811,15285972614.6742,151.922253843915,47534063482.9596,2048461630.20183,282.543,0.08
2022-01-14,42608.41001,8.06511e+11,43905745871,3256.75886613303,388039946028.079,13999771252.1607,146.89916251185,45924153329.2076,1972169296.5769,282.543,0.08
2022-01-15,43120.85451,8.16129e+11,20238314435,3311.98606127438,394664610644.995,12316286854.8497,146.312836363453,45849250868.0718,1627092109.77324,282.543,0.08
2022-01-16,43226.65027,8.168e+11,14651008625,3331.24665515999,396899234936.639,8659658467.05989,147.703510038662,46337099650.8729,1003160676.71147,282.543,0.08
2022-01-17,43119.79214,8.16326e+11,14452346389,3356.29544385904,400232172277.679,9002833937.22644,147.94236767495,46450557289.2666,1064526626.28706,282.543,0.08
2022-01-18,42298.34112,8.00823e+11,17694929626,3216.59298061957,383428420242.13,11938682376.1037,140.048372385538,44032309573.9257,1342939698.29797,282.543,0.08
2022-01-19,42395.45879,8.03962e+11,18897950050,3166.45391150462,377918294939.478,12700158860.4653,141.634144063378,44575080930.6218,1327500384.02704,282.543,0.08
2022-01-20,41749.55143,7.90508e+11,19626113310,3097.02146606268,371296193085.122,12762451059.9391,135.59362053674,42848572759.4968,1310094891.47937,282.543,0.08
2022-01-21,40707.68241,7.74236e+11,20930163211,3015.58877754384,360580494818.73,13389582889.5665,128.569484502073,40727678847.053,1371674053.2248,282.543,0.08
2022-01-22,36508.79979,6.92855e+11,38296960033,2564.34334237406,306644499897.734,29314647992.5968,111.775427863538,35070043876.8699,3853056390.37209,282.543,0.08
2022-01-23,35180.43546,6.66221e+11,35517336417,2407.37785160828,286799916366.572,28250265353.7961,94.5154107812392,29665575896.048,4095835932.63507,282.543,0.08
2022-01-24,36306.40944,6.87576e+11,22865032969,2537.83672786104,302626363351.535,17123741957.5459,99.691622174591,31290905178.5321,2611991894.53894,282.543,0.08
2022-01-25,36774.00714,6.96465e+11,36385158449,2447.83151209529,292022326101.008,28735520619.978,91.91541131637,28909954628.237,4359827042.55842,282.543,0.08
2022-01-26,36988.92851,7.00571e+11,46168918585,2465.21922984942,293702336549.675,16139625164.2375,95.0928286433394,30084800205.7791,2614011846.19628,282.543,0.08
2022-01-27,36870.44017,7.00166e+11,26756873750,2470.43041201571,295723346868.75,21415081805.1273,92.2480129200471,29243771848.3104,2847753595.4882,282.543,0.08
2022-01-28,37276.83956,7.02311e+11,22057410457,2411.86385532542,287829476402.62,16482912982.0121,89.6015861418382,28179557560.868,2421524797.06569,282.543,0.08
2022-01-29,37852.57903,7.17027e+11,19214103304,2551.11107351947,304305302571.337,14326314172.1266,91.4258026792056,28786945733.9283,1882874786.69109,282.543,0.08
2022-01-30,38232.17873,7.22829e+11,14178650232,2603.60387233906,310059710546.255,10742621684.922,96.178691281535,30216232718.8776,1478946858.36034,282.543,0.08
2022-01-31,37983.1515,7.1957e+11,11807185114,2610.18240559109,311602914058.75,8937393969.82612,93.4025290287978,29427732656.7292,941974724.429482,282.543,0.08
2022-02-01,38555.53446,7.27905e+11,17731563487,2689.22086722045,320354563857.117,13818587053.76,99.8898475362144,31354693276.8449,1715569710.53429,284.5,0.08
2022-02-02,38835.69494,7.36102e+11,17109120250,2797.43485527368,334032944115.648,13176431108.2867,110.127323306165,34784263657.2324,3097993266.65472,284.5,0.08
2022-02-03,37000.9825,7.00646e+11,16709908527,2690.31973947676,321296521004.953,13860391591.2811,101.829216451974,31975373921.8931,2979450302.61658,284.5,0.08
2022-02-04,37101.35159,7.03003e+11,16136299995,2667.25672821569,317503695895.341,21844552552.4033,100.878320347172,31833368519.6501,2283972523.61448,284.5,0.08
2022-02-05,41673.83955,7.77355e+11,25347215344,2993.0994395136,354558118293.055,18766789788.2811,112.480795183401,35127905584.8989,2844877285.59329,284.5,0.08
2022-02-06,41493.69005,7.86295e+11,16752051696,3018.67339815715,361600442694.439,13036212065.0071,114.333154123836,36087037718.4106,2104149883.56643,284.5,0.08
2022-02-07,42475.54322,8.04942e+11,13206494655,3062.80580845079,366038313761.438,9025772577.38216,115.283478134149,36521264719.121,1281443040.6023,284.5,0.08
2022-02-08,43910.92999,8.33393e+11,24171856714,3149.95328550978,376351043607.997,14427983727.8812,117.671873137809,37305112916.6687,2230152722.51591,284.5,0.08
2022-02-09,44184.44751,8.37407e+11,29024977265,3127.43810674021,374043919421.316,16856365272.8114,113.697455496187,36125330680.2495,2354525277.71197,284.5,0.08
2022-02-10,44383.88806,8.4134e+11,19780565063,3240.92104448773,387321193246.791,14005361496.4443,114.343587424466,36294064610.2819,1634212051.37029,284.5,0.08
2022-02-11,43628.13953,8.26942e+11,27877618434,3081.91150184084,368377710139.78,18990367974.1179,106.418102621782,33826915836.7271,1963719800.26457,284.5,0.08
2022-02-12,42445.38877,8.03707e+11,23279080010,2930.56316920637,350133590835.087,16560032290.7082,96.4632443128553,30597070580.091,1738208639.1535,284.5,0.08
2022-02-13,42254.73812,7.99547e+11,15479727289,2918.08536742912,347517755313.84,11367427285.4559,95.7000342905971,30347618773.2629,1336515340.13772,284.5,0.08
2022-02-14,42247.83595,8.0206e+11,12146423251,2889.23567828107,345252969326.497,9020562479.29134,93.3671450485524,29672733160.7964,910049119.235368,284.5,0.08
2022-02-15,42634.57378,8.08281e+11,18090873763,2935.64549986068,351368910987.003,12117644856.003,96.4422424342138,30784741416.879,1364915626.66172,284.5,0.08
2022-02-16,44574.32057,8.48321e+11,19801081789,3179.30020653504,381791121976.245,14189484930.46,104.850696730966,33579862333.6032,1630619496.1952,284.5,0.08
2022-02-17,44063.28198,8.36256e+11,16847003857,3128.64078054246,376071884044.509,13120593628.1573,101.95613259466,32707737720.1542,1473078677.12026,284.5,0.08
2022-02-18,40562.98695,7.70097e+11,22270664615,2881.61312216286,345252572787.099,16242836366.0957,93.4045235835354,29918359231.2616,1463178693.37737,284.5,0.08
2022-02-19,40073.49536,7.59882e+11,20130002755,2792.30384771862,333997569707.842,16064045339.5651,90.1089905611877,28828455911.8284,1290677352.64339,284.5,0.08
2022-02-20,40192.75912,7.61447e+11,11735183838,2768.97165203486,330814655802.007,9956229564.57075,91.6055921396615,29209068299.47,836883423.909057,284.5,0.08
2022-02-21,38514.00854,7.30382e+11,15998424231,2632.49139911745,315015971538.733,12215462928.5634,90.8031664192869,29261491189.6864,1428521632.3322,284.5,0.08
2022-02-22,37059.9794,7.03004e+11,25174914104,2574.51338377802,308836894427.69,19206327576.1455,83.1438714052352,26727888651.4089,2247461489.96355,284.5,0.08
2022-02-23,38337.20386,7.27094e+11,22212181617,2644.15365554602,317004525462.389,16856627508.4479,86.5726972266686,27744256745.6866,1577877587.23866,284.5,0.08
2022-02-24,37372.29268,7.08829e+11,18507851468,2594.70095911016,310997586955.653,13713218952.6512,85.2690308829319,27294663661.6506,1761310724.44088,284.5,0.08
2022-02-25,38363.34549,7.27658e+11,40839699481,2599.93356968702,311533514951.14,30992409365.8355,89.0513272692589,28497445445.3095,4075674086.52673,284.5,0.08
2022-02-26,39316.16208,7.45763e+11,22579249142,2771.89050964643,333625150661.676,17751279835.5721,92.7364155674616,29919961866.3481,2417499269.80087,284.5,0.08
2022-02-27,39090.20215,7.41084e+11,14568201295,2785.33895690174,332645349329.944,11984293384.9136,90.1079852220662,28767659413.5259,1316252928.33416,284.5,0.08
2022-02-28,37803.59016,7.1762e+11,19424397946,2629.48312082149,314566178973.56,17309819254.7023,85.5681966661644,27360038516.3083,1559328417.42452,284.5,0.08
2022-03-01,43225.40468,8.19019e+11,30634280855,2919.29496242566,349056335389.18,19832961026.3458,99.5791740030827,31846087892.8259,2674553479.21807,287.674,0.2
2022-03-02,44459.59163,8.41254e+11,27880763034,2977.2760397568,355855644056.718,19012291817.3654,98.7584524757244,31569373571.9683,2476563020.45306,287.674,0.2
2022-03-03,43980.70738,8.34438e+11,25615956856,2953.31577628644,353807222059.126,17023997910.6069,100.78986523176,32379126078.8397,2951039198.75142,287.674,0.2
2022-03-04,42491.97839,8.07455e+11,22366184129,2836.90633660056,340585349633.387,13786702924.255,95.5588262943718,30435232238.2002,1795535826.55505,287.674,0.2
2022-03-05,39200.29974,7.4381e+11,25121267306,2619.35613763449,314336377085.58,15538211354.1895,88.2451628518882,28319787092.933,2029343357.15152,287.674,0.2
2022-03-06,39463.14681,7.48197e+11,14818212145,2668.70597865687,319334318240.943,8652610729.43743,89.7889518851422,28439402258.6064,1164108659.27332,287.674,0.2
2022-03-07,38442.99175,7.29502e+11,16995562041,2558.35987404985,306675297178.704,9377488374.70222,84.639235838595,26835926882.3471,1139246888.33282,287.674,0.2
2022-03-08,38076.49382,7.23199e+11,24596395439,2498.65886496522,299834957580.413,15295190068.5719,82.0672491886583,26300808792.83,1884457926.90344,287.674,0.2
2022-03-09,38732.93701,7.35454e+11,22556397749,2576.62715399476,309291567872.339,14681251925.805,82.2536067445562,26425486647.5181,1704061421.16952,287.674,0.2
2022-03-10,41986.03445,7.9685e+11,29211702119,2731.037685294,327144318378.651,15208159162.6698,88.185052838507,28509710713.3577,2082131364.03562,287.674,0.2
2022-03-11,39468.35477,7.49384e+11,27653455219,2611.46472250471,313054369877.371,13843643777.4513,83.0250080190466,26526485356.2946,1706781764.37684,287.674,0.2
2022-03-12,38775.17559,7.38268e+11,23624165275,2562.83235353597,307992205234.731,12313723771.4308,80.6912136741943,26163052143.3584,1382838751.09729,287.674,0.2
2022-03-13,38903.69355,7.38457e+11,12440826654,2579.45813568836,309539252974.532,6288630630.86557,81.6099977335642,26366084285.1692,776192786.123231,287.674,0.2
2022-03-14,37852.52514,7.18551e+11,14461647576,2518.49284527061,302103577555.321,8570037700.96171,78.9981819967444,25452866391.0416,949636517.694404,287.674,0.2
2022-03-15,39669.42381,7.51354e+11,21250969229,2591.54204095914,310467033555.37,10951215810.6377,81.1687019452418,26140341333.7746,1317770720.46891,287.674,0.2
2022-03-16,39331.84654,7.47642e+11,20768829818,2620.36385242094,314931220494.934,12439580087.5082,82.9443906387237,26592730954.192,1247125823.15057,287.674,0.2
2022-03-17,41165.63506,7.79761e+11,34974203469,2771.75945729237,333204590005.193,19785262485.1668,87.8499350844711,27984951680.5504,1872435776.01945,287.674,0.2
2022-03-18,41001.70958,7.78474e+11,18861644943,2817.40107496682,338097336083.826,12593189074.6371,87.9676877609606,28483849999.6452,1939375410.17239,287.674,0.2
2022-03-19,41837.41314,7.94379e+11,30316128166,2945.74591018627,353539105454.533,14540256794.8009,89.9059537529252,28795996368.6153,2216690010.24382,287.674,0.2
2022-03-20,42201.93992,8.00888e+11,16580741572,2947.22615822409,353770129278.674,10359721811.6148,92.4040853235694,29598406487.0518,1493437229.12325,287.674,0.2
2022-03-21,41283.259,7.84054e+11,16856192302,2860.64196090192,343170506313.241,11304953073.46,88.5961880214429,28394223139.8243,954767656.028573,287.674,0.2
2022-03-22,41061.81589,7.79205e+11,21335882483,2896.58693243175,347666776668.267,13890729058.8001,88.7701729513472,28382479439.3316,1145750669.0417,287.674,0.2
2022-03-23,42401.8956,8.03937e+11,28688623151,2969.78498365825,356813271188.88,15671928047.7843,90.5041358711658,29048148956.1017,1405727754.23313,287.674,0.2
2022-03-24,42802.15471,8.10894e+11,21851891599,3028.83525771073,363715804798.513,14257143986.3926,94.9197584526827,30612053298.88,1433431548.54486,287.674,0.2
2022-03-25,43936.09623,8.34251e+11,26212783704,3106.65702358494,373177111114.703,16202188701.7671,102.180228320417,32979523332.776,2412096877.26153,287.674,0.2
2022-03-26,44331.77796,8.42032e+11,26147756108,3106.0720541587,373074920726.751,15532463157.1874,98.6467426834056,31980590349.3044,1817213990.63485,287.674,0.2
2022-03-27,44510.84422,8.45235e+11,13676534294,3140.87571050644,377825418684.376,7615867102.1575,101.64121040496,33176556212.5006,1009509747.37256,287.674,0.2
2022-03-28,46715.11762,8.87283e+11,22545392530,3285.17309673054,394486853105.009,11980084883.7886,106.909849724764,34802243172.8147,1301984880.00391,287.674,0.2
2022-03-29,46994.87912,8.92748e+11,30051327357,3328.93412468671,399977979554.211,18514225350.6066,106.240018922368,34753559141.6294,2396330997.76282,287.674,0.2
2022-03-30,47459.26124,9.0143e+11,26128040681,3401.18443104014,408153998267.827,17936369661.5866,111.746446464947,36192035879.2832,2434694052.67013,287.674,0.2
2022-03-31,47063.36585,8.95356e+11,24497248306,3383.78876178142,407460530687.748,14183468637.6598,120.698542175673,39218225944.8199,3208462667.35837,287.674,0.2
2022-04-01,45528.40715,8.6501e+11,27736469646,3283.30284257173,394628513775.206,16222256121.1869,122.761304207859,40036171559.1479,3421557221.67295,288.561,0.33
2022-04-02,46270.20071,8.79144e+11,32948605532,3451.19609086728,414854897478.465,19701116865.1371,134.370927883437,43736096533.817,3831716307.25589,288.561,0.33
2022-04-03,45842.14476,8.7105e+11,24803837260,3440.33623848917,413595262456.156,22091140764.5338,132.265543980239,43260457424.4981,2989201592.65874,288.561,0.33
2022-04-04,46434.56298,8.82347e+11,21510196790,3521.58472477853,423410516389.855,14019828281.4042,136.674540837086,44426659281.5766,2277967480.69148,288.561,0.33
2022-04-05,46622.63571,8.85585e+11,28019309651,3520.96711750436,423367935034.99,16925919013.9545,132.344983676718,43072219169.5167,2483670638.13783,288.561,0.33
2022-04-06,45635.45438,8.67247e+11,25474063862,3422.96988375471,412944890807.96,15114055501.979,126.605680477679,41374924383.733,2136267271.38838,288.561,0.33
2022-04-07,43198.77527,8.20983e+11,34113818642,3171.37110449895,382808702033.789,26109763334.7301,112.529025546574,36929750315.1796,3198015612.87509,288.561,0.33
2022-04-08,43515.15032,8.27033e+11,22960138784,3232.83498899958,388867320187.211,16149775914.5309,118.688395114146,38892547341.8889,2381088467.18399,288.561,0.33
2022-04-09,42315.70972,8.04272e+11,24202906401,3192.02509128936,382662893229.391,17523939555.3533,109.691487696674,35663008069.9678,2314898911.49501,288.561,0.33
2022-04-10,42796.39748,8.12734e+11,13949535312,3265.93806772915,392551461530.818,9316769843.73387,113.006456052358,37007525656.8794,1201163544.25932,288.561,0.33
2022-04-11,42274.90737,8.03575e+11,14936318819,3219.15955345376,388982079663.263,10005373137.102,112.174159721419,36884144376.6443,1163112953.80609,288.561,0.33
2022-04-12,39603.96516,7.52681e+11,30168665078,2992.70210642524,360149250762.051,21142997359.7592,99.4525253186753,32731502385.0518,2180410357.19972,288.561,0.33
2022-04-13,40205.67794,7.64315e+11,27804694935,3038.20942199637,365661388410.719,18977679663.5504,103.503034987094,33941121649.5502,2285179235.34925,288.561,0.33
2022-04-14,41205.16872,7.83561e+11,25453869986,3121.39982346204,375767680796.006,15452917855.2406,104.844476900956,34394710741.7307,1533589774.71786,288.561,0.33
2022-04-15,39959.45707,7.59703e+11,22744792147,3023.41721188532,363962080917.913,15895586504.7858,100.739238447369,33098172133.6484,1652768959.59596,288.561,0.33
2022-04-16,40586.59731,7.71667e+11,22053774554,3045.42807480128,366695398817.361,12543243551.2785,101.347278655997,33734041429.0412,1039846461.41715,288.561,0.33
2022-04-17,40450.37931,7.7044e+11,15777789210,3066.35801414498,369787917596.877,9063939048.31675,102.311925888305,34194983211.0131,753838887.353607,288.561,0.33
2022-04-18,39739.11926,7.55627e+11,16627779442,2995.71942101982,360748880962.951,9543306566.22193,100.442598084812,33314012331.3854,1010545062.37458,288.561,0.33
2022-04-19,40833.53797,7.76463e+11,30617039400,3061.8905711469,368758484169.854,18188817400.0791,102.265351438121,34026715047.3008,1645729150.71994,288.561,0.33
2022-04-20,41498.12245,7.89142e+11,22717772925,3104.68844752611,373782979942.62,13472639207.148,108.541046969429,36133130809.6437,1691707373.13341,288.561,0.33
2022-04-21,41397.22048,7.87437e+11,24937668255,3079.67647760185,370910549448.976,15155965878.3845,105.595260698728,35158424198.8638,1664918521.57896,288.561,0.33
2022-04-22,40528.54149,7.70787e+11,32131220616,2987.48887603416,359917773311.257,20529419340.2964,101.802881745816,33918138036.7987,1757789782.57881,288.561,0.33
2022-04-23,39756.84899,7.56144e+11,46022063019,2967.08528523821,357702343019.613,16155619718.9681,100.639140182107,33613226147.4587,1204999233.80867,288.561,0.33
2022-04-24,39561.78019,7.52414e+11,15010797472,2940.68797777144,354358143094.838,8633203957.82989,100.764793272315,33668501950.9363,778991677.699111,288.561,0.33
2022-04-25,39469.04986,7.52446e+11,16778683768,2922.90186519981,352895958715.275,9196851418.26576,99.17128671059,33192811336.9311,819713309.519576,288.561,0.33
2022-04-26,40488.87792,7.70112e+11,32883645914,3008.3363470853,362590296737.942,22037549638.7991,101.293442643002,33812175574.17,1553588587.28532,288.561,0.33
2022-04-27,38134.21545,7.25435e+11,31053018153,2806.74883595705,338098235743.858,17750798288.9062,95.7130224692042,31900244698.2084,1216992668.64427,288.561,0.33
2022-04-28,39237.94932,7.46473e+11,28170490246,2889.59222302308,348355348857.355,17036298768.9075,98.3678448915887,32839728894.8058,1141929423.60209,288.561,0.33
2022-04-29,39741.76665,7.56091e+11,31484572271,2932.4550836129,353388170472.601,18249410920.2518,98.0048509388498,32699186204.2727,1172675512.72213,288.561,0.33
2022-04-30,38650.55014,7.3583e+11,27758348826,2817.48988219162,340291788026.597,17902735173.8072,94.0948407971626,31459421205.3309,1226739530.41835,288.561,0.33
2022-05-01,37820.61177,7.19611e+11,20955789685,2738.17413595277,330211251741.101,12618462103.4013,85.3029835615734,28318851858.6442,1165702569.19658,291.298,0.77
2022-05-02,38537.65477,7.33295e+11,24857664487,2832.51310689535,341626180826.612,14489173444.8201,89.738346174046,30026659597.991,1353041268.67507,291.298,0.77
2022-05-03,38561.5654,7.33788e+11,29825308569,2861.37237555604,345080135066.043,17701813870.7104,87.6049851260926,29293697485.5174,1159472392.76413,291.298,0.77
2022-05-04,37758.49611,7.18542e+11,23070122642,2786.04724780111,336655132684.722,12836324477.7772,85.8811318297826,28715318659.6593,948338116.737006,291.298,0.77
2022-05-05,39699.02404,7.55764e+11,31748901527,2942.05231312266,355229761723.349,17336934449.7126,92.8206183508055,30994771499.5564,1327465205.08924,291.298,0.77
2022-05-06,36612.22955,6.96021e+11,37402043366,2753.93656654669,332103738939.991,20868783132.9232,84.6218269683838,28284214619.3683,1637132124.71744,291.298,0.77
2022-05-07,36116.39429,6.87093e+11,32223287014,2699.70724708937,325971900416.408,20516541977.4936,81.7603125149539,27380670118.6071,1446023145.09547,291.298,0.77
2022-05-08,35573.3102,6.78702e+11,19130720395,2641.22910694024,319030900103.943,12528069434.4989,79.1909801214645,26603063057.6917,1090782916.94857,291.298,0.77
2022-05-09,34070.3122,6.48514e+11,30810576502,2517.82992248865,304412453306.297,20582973186.128,74.9224112984346,25191538889.4835,1351838825.94473,291.298,0.77
2022-05-10,30269.58696,5.76198e+11,58369928594,2249.89096222074,271594796946.79,34392685561.8465,63.5908037521224,21563497316.9307,2515612885.94286,291.298,0.77
2022-05-11,31026.93387,5.90644e+11,54071363210,2344.79771564399,283082341315.259,36844564808.0166,66.7319749209241,22405510212.7543,3263209052.65735,291.298,0.77
2022-05-12,28913.48836,5.49294e+11,65985702702,2080.91024365778,250066823474.889,46548009611.492,50.3205576476789,16302314327.382,3882793179.27183,291.298,0.77
2022-05-13,29126.11598,5.55266e+11,61338080284,1966.69917113367,238137944005.859,41621733327.1589,44.6490715987922,15038211406.0238,3786283031.46609,291.298,0.77
2022-05-14,29310.72896,5.58053e+11,71541696924,2010.21405112526,243391440608.929,23979529161.2327,48.6047497426203,16446880063.6423,2460641108.57505,291.298,0.77
2022-05-15,30189.33318,5.73778e+11,25759546764,2064.22935751224,249319115268.205,14395772634.8119,52.5369301666361,17710082184.4,1495503985.96662,291.298,0.77
2022-05-16,31319.30911,5.96346e+11,22948123704,2147.04744788057,259350256988.012,14395455889.0433,58.8452071799765,19795956495.3378,1436230716.42138,291.298,0.77
2022-05-17,29923.60699,5.69802e+11,28418179221,2025.88869839122,244741893933.731,20068743681.952,53.6487275582441,18091955633.7703,1827404198.18451,291.298,0.77
2022-05-18,30502.19328,5.81273e+11,24964703224,2095.17888479672,253640825085.771,17005002529.405,57.4197664646642,19373241293.2411,1508263415.46745,291.298,0.77
2022-05-19,28772.2005,5.47927e+11,26219431165,1915.17712326645,232056327519.783,15892119501.2062,49.761966379467,16804431123.8377,1511110400.90936,291.298,0.77
2022-05-20,30382.40624,5.78678e+11,29190056577,2023.84825936082,244359004842.604,17828306698.7148,52.3322640694759,17743141448.6028,1653750850.18357,291.298,0.77
2022-05-21,29256.81337,5.57202e+11,25980877920,1963.99093952949,237366807798.816,14638100162.7737,49.584632312694,16857955013.6499,1528688330.07206,291.298,0.77
2022-05-22,29491.50795,5.61696e+11,13561006428,1978.14713256248,239102942424.568,7551508571.49298,50.3435225940736,17117178967.6386,834922127.308045,291.298,0.77
2022-05-23,30351.05042,5.7809e+11,17199930155,2046.64634965452,247730054115.446,9623174527.73804,52.7674005077382,17927983077.4067,907949758.608431,291.298,0.77
2022-05-24,29163.16778,5.55459e+11,26646754325,1974.58119447909,238722810744.185,14627311157.9294,49.120440243079,16667943417.3708,1478212937.82559,291.298,0.77
2022-05-25,29655.02613,5.64885e+11,23486436837,1979.77054500647,239375431792.868,12880481567.9422,49.6367989748626,16838184202.8903,1373294087.33275,291.298,0.77
2022-05-26,29584.94985,5.63577e+11,23108764916,1944.84284450724,235347664835.459,12554611854.4392,48.056134850351,16335715467.1277,1161803907.879,291.298,0.77
2022-05-27,29346.78144,5.59066e+11,31972044692,1807.96947428811,219247293980.156,22669347246.9614,43.5469224005999,14806873946.38,2324631757.47339,291.298,0.77
2022-05-28,28646.65218,5.45753e+11,31756305901,1724.87573403234,208622909553.502,24344535948.9136,40.9975381638514,13886425335.9201,2080433059.2963,291.298,0.77
2022-05-29,29088.23645,5.54939e+11,15406515373,1798.69485457888,217791356992.886,12004308559.0669,44.4648124362085,15147901018.9962,1266578193.28567,291.298,0.77
2022-05-30,29492.50321,5.61771e+11,14496111398,1814.98315980259,219535934457.982,9767849361.35179,44.9291855422057,15240706243.7525,1285770588.86913,291.298,0.77
2022-05-31,31740.94073,6.04927e+11,34891305295,1995.93648415523,241204871683.009,18803016950.0932,47.1938805342791,16054338780.3112,1756204402.2952,291.298,0.77
2022-06-01,31865.74962,6.07393e+11,29770567353,1944.07876683618,235235428449.12,17409076011.0738,45.9717787470752,15607744325.0084,1569956999.74502,294.957,1.21
2022-06-02,29833.45033,5.69002e+11,35553330792,1828.89265460743,221596716649.268,19904831726.0098,40.2404084076717,13719294294.809,1528211460.42958,294.957,1.21
2022-06-03,30481.014,5.80863e+11,24232399986,1833.08984084575,222487488380.589,16444980823.7867,40.8898612371181,13925500009.4406,1645018556.66585,294.957,1.21
2022-06-04,29714.14349,5.66276e+11,21997859591,1776.97990745819,214879733566.942,15012416794.0692,38.2757886088016,12945160667.449,1353892685.36099,294.957,1.21
2022-06-05,29872.36031,5.6834e+11,12911383482,1804.26166951125,217832477905.495,8295912402.90654,38.9775118645945,13170913879.6928,1126087087.41004,294.957,1.21
2022-06-06,29917.76405,5.7021e+11,13395229055,1805.33139498944,218561175507.621,8385254999.85701,38.4632250675423,13116723564.8112,1070849320.47909,294.957,1.21
2022-06-07,31372.58476,5.97967e+11,27644798123,1860.1813068416,225224111085.688,16623006597.7935,42.4106009754751,14456497792.4081,2033441074.02642,294.957,1.21
2022-06-08,31265.46928,5.97206e+11,36111325508,1818.38771198293,220727955347.01,23647547692.4459,39.5498811786319,13508568426.0357,1810983946.80896,294.957,1.21
2022-06-09,30229.23684,5.76239e+11,27080284929,1794.53962567183,217320792647.697,17712874976.6074,38.8424754138365,13274452699.3179,1249666784.64929,294.957,1.21
2022-06-10,30101.18752,5.7382e+11,18871591862,1788.4182866616,216720355679.056,10469080004.4146,39.9682939574592,13674820596.044,1272667344.21766,294.957,1.21
2022-06-11,29101.29826,5.54623e+11,25663085729,1663.84436741209,201384347491.63,17639990086.3223,37.0847968947499,12668804911.4329,1271100605.46609,294.957,1.21
2022-06-12,28374.145,5.40789e+11,22518366770,1530.03861743172,185302828001.852,20409428647.9328,33.8073884220501,11572660691.7053,1218255700.90947,294.957,1.21
2022-06-13,26767.26917,5.14202e+11,29834061116,1454.68676017284,176649606143.59,22843765038.7546,30.7432270172877,10608680978.3184,1436075943.24071,294.957,1.21
2022-06-14,22525.76835,4.29492e+11,64852526179,1205.59528554048,146072737222.631,47571733027.0086,28.1929663884123,9406103235.50214,2782439336.10833,294.957,1.21
2022-06-15,22244.84897,4.23044e+11,47639470968,1214.8662649132,146866764082.715,32772246927.0591,29.716787589532,10187884853.0221,2251274075.16957,294.957,1.21
2022-06-16,22529.19811,4.29888e+11,52027211447,1230.36433535561,148791271623.679,39679810344.6871,34.4880808056144,11709149277.2694,2629566358.37575,294.957,1.21
2022-06-17,20408.69049,3.89182e+11,27449277946,1068.60357486461,129200159744.296,18016510161.232,30.0706834937903,10245461840.0065,1921578627.37775,294.957,1.21
2022-06-18,20473.05288,3.91442e+11,24232922585,1087.81392445844,132057112459.095,14067259810.7781,30.8727204989254,10611942137.884,1356441011.6065,294.957,1.21
2022-06-19,19047.41783,3.62304e+11,38920632524,995.252569270791,120148911164.203,21112670623.3946,31.8192087121076,10801954806.8377,1985976665.15094,294.957,1.21
2022-06-20,20516.41198,3.90555e+11,32488136326,1125.75409179427,136214925416.212,21676867429.8375,34.1920550338082,11668548379.0701,2107037437.95191,294.957,1.21
2022-06-21,20636.75891,3.92793e+11,28346447997,1132.0543935828,136360308696.368,19817753726.3164,35.4690423601784,12160553284.4616,2113624516.41859,294.957,1.21
2022-06-22,20700.92393,3.9506e+11,25340643363,1124.56139201655,136466936749.801,14838197887.5432,36.1393794501159,12360022351.807,1722909851.62666,294.957,1.21
2022-06-23,19983.56648,3.81616e+11,24955466738,1051.07406815892,127762640725.995,14331217471.3388,34.23012589506,11762783422.7681,1510462542.93178,294.957,1.21
2022-06-24,21100.27053,4.02496e+11,23655104387,1144.48075348081,138845063633.007,14247953151.1502,38.2118231878229,13147607750.9372,1701452303.38866,294.957,1.21
2022-06-25,21262.71348,4.07086e+11,21955656696,1229.30408544666,150370804175.61,16288488163.425,42.4772202800352,14600518798.3035,1721984760.77032,294.957,1.21
2022-06-26,21525.88036,4.10111e+11,16152442749,1244.28620449539,150822450290.397,11692717741.7248,42.3863731420469,14506227735.8727,1289448179.93359,294.957,1.21
2022-06-27,21052.8054,4.01646e+11,15392697878,1201.23779064191,145727702946.912,11375746747.4047,39.4984417622829,13523527664.9733,1153549984.95869,294.957,1.21
2022-06-28,20751.47753,3.95915e+11,17719011288,1194.22450847461,144903396178.833,12044359298.2467,38.5010693579668,13201680175.2566,1122612570.61606,294.957,1.21
2022-06-29,20282.54248,3.86607e+11,18161209601,1143.533535721,138578887988.781,13181896477.3732,35.3260335915859,12087889411.0187,1243120766.40664,294.957,1.21
2022-06-30,20108.52947,3.84068e+11,20744333507,1098.90551761053,133275228451.347,14755440934.3262,33.9150114615949,11618504834.1876,1300629589.73441,294.957,1.21
2022-07-01,19608.39749,3.65984e+11,22816515395,1057.6309990608,125647331913.135,15402670572.444,33.3145955287843,11335169279.7553,1194361731.47807,294.913,1.68
2022-07-02,19407.44743,3.70917e+11,28756781115,1068.8194401302,128274306967.609,17420131787.7374,33.0384778102674,11439454289.1839,1323586234.65188,294.913,1.68
2022-07-03,19268.227,3.67707e+11,15601715001,1068.54150259996,127772810160.636,9601263305.04906,33.4220750304621,11471587893.1486,649702017.309727,294.913,1.68
2022-07-04,19310.23322,3.68549e+11,13976969844,1074.60731757876,128552380046.805,7939419238.56031,33.447827018593,11480814253.6264,567550823.122958,294.913,1.68
2022-07-05,20257.01233,3.86425e+11,18634860046,1153.34831478809,137709680960.019,13827342516.3493,36.7794939404573,12596079600.0527,986918298.18428,294.913,1.68
2022-07-06,20188.77966,3.85302e+11,23623270106,1134.01706965922,135655130079.778,15393490017.7378,35.3219688746083,12138245305.3,1434571719.09464,294.913,1.68
2022-07-07,20566.68722,3.9248e+11,21755499642,1188.72564292538,142216914175.491,14422132961.9629,37.0926579298714,12734796275.5487,1290650060.48769,294.913,1.68
2022-07-08,21660.59684,4.14056e+11,21927087503,1240.37840566172,148622605231.496,13170522513.1822,38.5466643524645,13277309359.9481,1133093192.28447,294.913,1.68
2022-07-09,21858.81875,4.1769e+11,46645398901,1233.5146792603,148022842649.447,15346600702.3086,38.5944294431956,13380490031.5578,1426352674.10795,294.913,1.68
2022-07-10,21589.6281,4.1246e+11,26211587452,1216.84970684846,145667751203.866,7870254817.81399,38.0601331322801,13134459003.7177,623415737.825602,294.913,1.68
2022-07-11,20859.81408,3.9825e+11,25037950754,1169.01270766102,139844141994.579,10374466605.4064,36.7267359011046,12680872339.6506,648503659.149769,294.913,1.68
2022-07-12,19998.46784,3.82e+11,21319467249,1097.44943804773,131363492852.484,11693162178.0342,33.5091502500657,11600411536.227,789921907.7126,294.913,1.68
2022-07-13,19350.73735,3.70192e+11,22074971578,1040.79714550296,124831295049.541,11555798332.5274,32.8189315443114,11406193662.9516,821873017.489175,294.913,1.68
2022-07-14,20225.23866,3.85463e+11,28560004361,1112.92078270126,132986401488.716,17936886119.9007,34.9464986764115,12072416721.3262,1220534706.76916,294.913,1.68
2022-07-15,20574.84059,3.93104e+11,28732413537,1191.13083711031,142767764050.56,16474223860.6587,37.1759772846608,12850093050.0165,1328292764.11629,294.913,1.68
2022-07-16,20794.81198,3.97285e+11,46542248374,1234.09913897632,147677565536.302,16817194904.2499,37.4404511132119,12938130582.0277,1325304479.5641,294.913,1.68
2022-07-17,21193.08334,4.04706e+11,42051101695,1355.04564021949,161839496479.485,19025831554.9127,39.6014683074309,13666217564.3891,1064139738.90071,294.913,1.68
2022-07-18,20824.36275,3.97661e+11,29615794461,1344.7202840019,161551223982.244,15797648344.4575,38.6242266480931,13432332940.6866,1087710892.94725,294.913,1.68
2022-07-19,22395.36538,4.25757e+11,58636734705,1570.65895886421,187518878564.431,26437290054.2753,43.6812782139167,14864108116.4822,1523091935.57228,294.913,1.68
2022-07-20,23366.9077,4.45889e+11,57338223362,1542.62982143322,184299116474,27749085857.707,44.9266257706174,15517487195.9682,2407640203.12174,294.913,1.68
2022-07-21,23313.29673,4.4613e+11,40775718994,1527.41393075931,183383314168.639,21728126383.5613,42.1912943912623,14654904729.6462,2006723913.83947,294.913,1.68
2022-07-22,23155.20756,4.4238e+11,63224249258,1576.82523949768,188807814065.772,19411405082.9674,43.1858935272628,14946518783.2427,1862704596.08202,294.913,1.68
2022-07-23,22696.90275,4.33486e+11,40304373301,1536.12492223891,183933879174.976,18084368731.2428,40.575092355714,14004906061.8767,1394893424.65535,294.913,1.68
2022-07-24,22506.19957,4.29803e+11,42519262113,1552.49648919087,185766674503.14,14901008279.1548,40.1258656836225,13860175820.9942,992235932.53889,294.913,1.68
2022-07-25,22613.71921,4.3382e+11,33108916659,1601.2079670127,192833875418.872,16058331978.0261,40.9852262918717,14275526154.88,868436701.401179,294.913,1.68
2022-07-26,21330.29545,4.0748e+11,42667548129,1450.48228521394,176371406952.785,19852493229.2763,36.7002119970535,12694337922.6641,1165279221.01039,294.913,1.68
2022-07-27,21235.61232,4.05692e+11,53995620035,1438.98803822307,172489862867.987,17711985937.2504,36.2281816493087,12538834971.9947,1096644463.45544,294.913,1.68
2022-07-28,22908.88426,4.37194e+11,54498281944,1636.94918146779,195761014376.118,22792557484.2692,40.2954493138573,14009415149.2266,1502670727.82857,294.913,1.68
2022-07-29,23822.0676,4.54807e+11,55609627981,1723.54852067906,206347207632.457,27508245872.9847,42.8312127663816,14829428736.7306,1933182890.14524,294.913,1.68
2022-07-30,23847.58332,4.59609e+11,41089335196,1739.04217713561,210767555013.835,21792598232.3649,42.1398887245867,14752480667.0496,1636823549.55771,294.913,1.68
2022-07-31,23653.45955,4.51727e+11,62102072347,1696.78509821365,203433082401.512,14236780342.012,43.8034739062675,15135249027.9177,1727836476.83089,294.913,1.68
2022-08-01,23379.70053,4.47051e+11,31786729326,1682.01137361475,201684547325.225,12894604186.2877,42.4800030919533,14746724189.2446,1063136070.9609,295.097,2.33
2022-08-02,23333.74924,4.45959e+11,44489771147,1636.01855635736,195962280445.456,15515408282.6816,41.7014277054866,14458934769.7286,992134330.49128,295.097,2.33
2022-08-03,23053.84685,4.40955e+11,35151096517,1638.37868265722,197496591505.052,19414686138.724,40.2120281381776,14143900211.3205,1118387777.70286,295.097,2.33
2022-08-04,22860.42098,4.37036e+11,41334593234,1621.34132363641,194280005714.3,15548536682.142,38.6340630748737,13359558185.8074,2172402130.6817,295.097,2.33
2022-08-05,22678.36363,4.32421e+11,23624874220,1612.41890672698,192923352504.823,14074560038.4276,38.9446372796499,13471456881.5304,1243098510.57887,295.097,2.33
2022-08-06,23225.0362,4.43822e+11,27040190910,1725.38262702115,206550599256.629,17717475728.2437,40.4969174695071,13995005582.4573,1158100840.78171,295.097,2.33
2022-08-07,22984.57953,4.39415e+11,14439694271,1693.29659183603,203417937064.142,11231103244.3664,40.1755102143198,13910405478.0866,656059617.193318,295.097,2.33
2022-08-08,23197.60347,4.42979e+11,14324042469,1699.0064178887,203847481552.731,9464715954.71684,40.6462198452324,14115646955.2186,582195944.953784,295.097,2.33
2022-08-09,23823.67944,4.55451e+11,27756736787,1775.70135552708,213209087779.664,15566998953.3512,42.1568231423946,14696098301.0585,1163065597.41714,295.097,2.33
2022-08-10,23203.6807,4.43383e+11,29738069338,1698.96612901265,204260348576.866,24284375402.6071,40.4901573645539,14091576296.7667,874683627.630243,295.097,2.33
2022-08-11,23948.82955,4.5727e+11,32215976526,1852.87855526565,222103417229.726,21699442049.0733,42.2957803966543,14682953331.3493,1417788636.16563,295.097,2.33
2022-08-12,23948.7517,4.58071e+11,33892871244,1881.4274054353,225973452853.747,21837068069.8273,42.7528704157667,14901555484.0777,1782051840.42201,295.097,2.33
2022-08-13,24411.37987,4.66766e+11,25195193357,1959.33092471874,235254593664.577,15849264839.7528,45.3405250543491,15769739253.5648,1081174401.47104,295.097,2.33
2022-08-14,24433.65375,4.67078e+11,22240559960,1982.41182805142,237972056306.989,14816745160.9168,46.6276281856623,16242663928.4644,1223890252.00753,295.097,2.33
2022-08-15,24312.54142,4.64896e+11,21287616856,1936.70116360526,232593263080.434,12172210305.1582,44.9776992837313,15707019257.4765,1000632052.61309,295.097,2.33
2022-08-16,24179.01465,4.62437e+11,33404812508,1908.27764190592,229440415801.989,18310871317.4559,43.9025812294206,15322661204.9145,1018586521.13114,295.097,2.33
2022-08-17,23913.33373,4.56791e+11,24971300201,1880.60010125944,225581585656.93,14240230761.8877,43.2520838736077,15065562430.2994,1075537996.039,295.097,2.33
2022-08-18,23359.41884,4.47016e+11,29567403252,1834.82645264264,220665870251.268,18427553152.3517,40.5562855378095,14161164134.0986,1249877706.41942,295.097,2.33
2022-08-19,23248.38423,4.44846e+11,20228208349,1850.11129104737,222652366350.88,13363780756.7982,39.618894866249,13863255686.5074,824971812.086103,295.097,2.33
2022-08-20,20945.83397,4.0081e+11,35142410593,1618.53250426335,194817731984.873,22687362580.0953,35.9897954285826,12530469534.2066,1786764403.09956,295.097,2.33
2022-08-21,21175.23273,4.04925e+11,23809679191,1579.41572309537,189621068133.333,16404512934.3366,35.2318301700509,12256688441.2211,1200537393.53325,295.097,2.33
2022-08-22,21615.76169,4.13579e+11,20476237108,1624.14998288485,195324471844.689,14174702673.113,36.5327240847819,12815310875.3684,991224706.629544,295.097,2.33
2022-08-23,21387.74711,4.08409e+11,28856912427,1622.30703457785,193708156170.032,16648637311.9742,35.4897951822735,12352579320.9233,1122987607.71296,295.097,2.33
2022-08-24,21562.45154,4.12338e+11,29331102122,1665.79190739193,199889229686.993,17182337491.1861,35.7050647194245,12481061524.7421,827899999.117474,295.097,2.33
2022-08-25,21395.45847,4.09503e+11,26855905243,1657.79364246634,199117634174.209,15322907185.3346,34.9816128403178,12227264266.3256,908130561.79342,295.097,2.33
2022-08-26,21618.00902,4.13843e+11,26767966536,1697.07697196364,204240810436.619,12905826689.3558,35.3473665392815,12346020470.3531,656358314.03542,295.097,2.33
2022-08-27,20271.32295,3.87215e+11,34910727805,1510.18911148405,181238520850.379,23170035981.4384,31.7864223294031,11046201721.5165,1248900621.36738,295.097,2.33
2022-08-28,20069.95333,3.83791e+11,24463219415,1496.05546594209,179887478326.986,15440053448.9842,31.6392319154301,11052608204.7787,698084660.9388,295.097,2.33
2022-08-29,19659.24671,3.76181e+11,19781826309,1438.74705032781,173645963258.543,10575504871.6841,30.6307082456332,10721767532.4432,505611658.529117,295.097,2.33
2022-08-30,20308.86145,3.89119e+11,28706315246,1555.17745604159,187437853967.299,16528644851.716,32.4676226051912,11387115687.587,829387148.721832,295.097,2.33
2022-08-31,19805.3507,3.79555e+11,30308993725,1525.40011623205,184447549243.549,19704720195.3797,31.4604620702534,11032381033.1749,846296043.218058,295.097,2.33
2022-09-01,20023.55444,3.83348e+11,27825786160,1552.56296622813,186670000430.813,18596055350.6137,31.453501865317,10982002954.9059,710498153.027706,296.349,2.56
2022-09-02,20153.97598,3.85028e+11,25616737336,1588.98035108691,191078487039.942,15076286516.8913,31.6275204455471,11037789630.8597,654715113.938435,296.349,2.56
2022-09-03,19941.45137,3.81788e+11,24078042298,1575.17663072761,189678877652.68,15857654357.0986,31.1964677014025,10904364506.2148,627140311.55054,296.349,2.56
2022-09-04,19814.56425,3.79422e+11,20048153187,1555.67407720781,187266246294.687,8500114333.50042,31.0762601048377,10881773797.6266,287508158.293832,296.349,2.56
2022-09-05,19980.01322,3.82421e+11,21537524477,1578.9493013433,190082046955.226,7827505125.48359,32.1449244049236,11245569490.1764,370560789.664258,296.349,2.56
2022-09-06,19785.7335,3.78685e+11,23522961655,1617.93545548543,194714097035.824,11815125728.9699,32.2158098293386,11264121877.8299,511686055.759997,296.349,2.56
2022-09-07,18859.50009,3.6121e+11,39940310406,1564.55895403025,188733785486.084,20860201644.4126,30.932571057847,10834953198.2164,1208999754.43658,296.349,2.56
2022-09-08,19280.62548,3.6934e+11,30517907004,1629.88323116365,196797197824.302,18560005397.3284,32.7524007814727,11595827258.2841,796019432.980963,296.349,2.56
2022-09-09,19322.77775,3.69723e+11,28936941008,1635.93217601305,196882691710.492,16676188643.1512,33.6065130471108,11847628650.711,927246036.357821,296.349,2.56
2022-09-10,21359.58253,4.08976e+11,42487059055,1717.07695698405,206873029263.268,19418675070.6801,34.707446929385,12244442276.8943,1098697449.02423,296.349,2.56
2022-09-11,21707.38732,4.15975e+11,35941349745,1779.5190288833,214315849498.727,12521808520.7012,35.1511040880885,12419481830.6097,675183558.112966,296.349,2.56
2022-09-12,21739.80438,4.16074e+11,31266252145,1761.31735588069,211895058510.348,11692754175.3954,34.9047166749454,12331013775.496,712287831.964675,296.349,2.56
2022-09-13,22339.6705,4.27474e+11,44006486689,1710.16429085152,205793007270.872,16770566236.3097,37.344616214599,13183798412.0386,1608877258.549,296.349,2.56
2022-09-14,20184.96749,3.8653e+11,46489890915,1573.20521369517,189778580452.979,22286700927.3381,33.0597326657583,11697896819.8643,1685408590.30727,296.349,2.56
2022-09-15,20255.92298,3.87486e+11,35789015870,1635.36820619213,196550513818.886,17198033718.1802,34.0710105191857,12027439275.1151,938917179.648232,296.349,2.56
2022-09-16,19702.16989,3.77719e+11,33715957207,1471.9995925163,177918273632.481,24787864366.6366,33.0642483811669,11742374385.9117,1035640342.72632,296.349,2.56
2022-09-17,19764.41171,3.77989e+11,30187737710,1432.21580747861,172471655154.626,17892819034.6181,32.1822330787071,11380713338.4981,728064867.91289,296.349,2.56
2022-09-18,20131.67531,3.85487e+11,23394494074,1471.20395536304,177299639477.497,10309763882.1423,33.7618456371456,11970489829.7342,477780407.433862,296.349,2.56
2022-09-19,19437.15787,3.72598e+11,28689764414,1335.85255238505,161378107849.571,14696599277.019,31.0887504683098,11014413847.3227,652419202.858674,296.349,2.56
2022-09-20,19570.38671,3.74524e+11,39507938865,1379.92070452626,166370229681.148,17757533838.1638,32.7134309916338,11598805636.5894,963739018.810559,296.349,2.56
2022-09-21,18869.92881,3.61981e+11,33890591850,1324.19056461559,159844149938.745,13605986462.2281,31.405493503671,11136148382.1361,798987431.191334,296.349,2.56
2022-09-22,18539.63524,3.55194e+11,41059997265,1252.77456216858,151084586604.482,18732743241.6282,30.825149460297,10920166914.7225,1180925645.89096,296.349,2.56
2022-09-23,19464.32266,3.72076e+11,37660914390,1330.79279292183,160415097114.174,17517188721.084,32.4679174015226,11489637349.2371,833383661.566967,296.349,2.56
2022-09-24,19291.9048,3.70913e+11,35506139424,1329.55880673032,160823914264.808,17599766731.2409,33.7119511946615,11974606498.9031,969718528.514493,296.349,2.56
2022-09-25,18939.97058,3.63169e+11,24644354422,1318.09934702185,159030822515.266,11251326609.49,33.5038789488122,11877506512.459,821677077.616039,296.349,2.56
2022-09-26,18809.41144,3.60257e+11,21516374223,1294.07509527978,156146367767.271,10552647869.6736,32.327869240666,11474712536.4307,576312106.371969,296.349,2.56
2022-09-27,19219.72778,3.67613e+11,42560193944,1335.12120519917,160767471777.873,15270197375.8468,33.8523953127117,11924970586.0975,908933850.044805,296.349,2.56
2022-09-28,19116.33116,3.66383e+11,52482615484,1331.15017693386,160800122124.9,16685874856.004,32.7661215597949,11669868172.5917,1221276543.7792,296.349,2.56
2022-09-29,19444.78777,3.72892e+11,47494258190,1340.02305948165,161716193676.295,16571161476.2539,33.3032999643971,11817378025.5456,958564795.800309,296.349,2.56
2022-09-30,19563.76516,3.74831e+11,37537716230,1335.73897063357,161267455734.368,11834328252.3921,33.9359956729544,12066578261.8937,949323509.366725,296.349,2.56
2022-10-01,19476.9266,3.73222e+11,37848666331,1329.1460320708,160462955554.328,11849125783.7593,33.2496635160403,11808862837.8495,1166717015.85599,298.007,3.08
2022-10-02,19314.46384,3.70205e+11,15943514603,1311.26332441629,158410068981.481,5052407840.71477,32.455790817342,11538414123.4048,475812174.319738,298.007,3.08
2022-10-03,19065.15384,3.66196e+11,17859684588,1277.90134527967,154934842225.909,6227268235.75853,32.0970254889311,11395149007.9632,518124769.213925,298.007,3.08
2022-10-04,19620.56754,3.75768e+11,26634227152,1323.50401797229,159951067075.905,8749663554.66095,32.9839333048039,11735344819.5995,621968801.977287,298.007,3.08
2022-10-05,20345.39852,3.90178e+11,30974520028,1363.2371821945,164781680358.156,8587836597.46987,34.1297914638193,12125352215.9405,692957762.049701,298.007,3.08
2022-10-06,20161.83061,3.86369e+11,29366342083,1352.58652430249,163475522281.134,8502549881.90583,34.0932225764322,12104501989.1496,641193220.700418,298.007,3.08
2022-10-07,19949.05104,3.82506e+11,31354758329,1351.42736919795,163307579801.843,10653358724.9534,33.337753891911,11847564337.7326,670556864.379592,298.007,3.08
2022-10-08,19457.30895,3.73171e+11,25445042398,1324.89473802906,160084472602.337,9123112355.72732,32.9183923762464,11692923622.9728,672974282.686931,298.007,3.08
2022-10-09,19418.03799,3.72392e+11,12996183216,1315.85779990567,159083423929.715,4942603337.90246,32.6000008934616,11634868896.0904,351714131.766324,298.007,3.08
2022-10-10,19448.149,3.72265e+11,14404623229,1322.26975521937,159586330117.55,4753165267.93754,32.9051932746812,11733010112.9958,394694049.418249,298.007,3.08
2022-10-11,19142.69477,3.67207e+11,23743487601,1291.08165966956,156180434676.138,7492362032.7395,31.9697129777832,11448167353.5227,630989029.327973,298.007,3.08
2022-10-12,19058.62804,3.65119e+11,25102717821,1279.88330754726,154657511483.183,8314705467.19155,30.7882882170115,10986691633.7041,720050451.28509,298.007,3.08
2022-10-13,19153.03978,3.67302e+11,22339104401,1294.27105138822,156488571589.455,7512521119.53669,31.1412241503242,11138186203.6717,481852424.77499,298.007,3.08
2022-10-14,19383.94322,3.71647e+11,37194496438,1288.16401470208,155703285133.856,15374968702.825,30.5826936366603,10936034776.8596,1268002433.7508,298.007,3.08
2022-10-15,19198.10714,3.67585e+11,34806651159,1297.62760532238,156801885520.455,11792024290.983,30.0358992152454,10723795928.144,800163982.957654,298.007,3.08
2022-10-16,19072.78051,3.6587e+11,13103099352,1275.6937773948,154496140301.926,5743906844.85924,29.5767436423632,10608095633.1139,545155338.804239,298.007,3.08
2022-10-17,19272.92185,3.69553e+11,15683330320,1306.94311882884,157219790372.871,6318629607.96271,30.1669110229447,10784111501.1786,598450021.157137,298.007,3.08
2022-10-18,19557.89555,3.75052e+11,23713928578,1333.44087763017,160690333948.331,8639535764.06259,31.2447523676096,11181494599.0525,643752962.692797,298.007,3.08
2022-10-19,19348.02937,3.71197e+11,25848175159,1311.80672551582,158082173402.607,9536615488.39716,30.2011725502398,10820701606.868,685750091.575956,298.007,3.08
2022-10-20,19134.24266,3.67085e+11,23047051893,1284.65493370226,154808369275.814,8128527355.67816,28.8968378874435,10362112405.2089,721536356.082709,298.007,3.08
2022-10-21,19031.15987,3.65099e+11,25712511232,1282.04264677596,154512893268.092,8816030159.08774,28.0662176830596,10052442946.7462,853073860.632056,298.007,3.08
2022-10-22,19173.28047,3.67999e+11,30297335038,1299.80190525064,156673724237.288,8731620089.4909,28.1062242350148,10070949099.1331,1004074184.59985,298.007,3.08
2022-10-23,19203.86547,3.68485e+11,13362526958,1313.76777872311,158365108378.337,4996733236.21646,28.0233438797249,10044295675.7108,488911345.358295,298.007,3.08
2022-10-24,19574.82423,3.75197e+11,19928822961,1364.48687130637,164218113409.757,7794024007.58172,29.2366886926026,10480620512.6121,670006995.126744,298.007,3.08
2022-10-25,19316.94062,3.70623e+11,28657172009,1343.33449198509,161858058865.068,10789079575.1136,28.2700091281436,10121680743.4695,739684192.514442,298.007,3.08
2022-10-26,20095.15223,3.85477e+11,39846253139,1462.04893756299,176051206695.998,19624530679.9569,30.9412624679317,11077575224.1801,1346256624.92634,298.007,3.08
2022-10-27,20774.2475,3.98675e+11,50667020408,1568.74758557084,189173389239.545,24505395072.0462,31.282585848386,11203611590.8403,1240751124.78609,298.007,3.08
2022-10-28,20278.36623,3.89239e+11,41829789298,1514.8635252534,182723289741.985,17752430680.4037,30.6453400177344,11016715358.289,1179536961.85892,298.007,3.08
2022-10-29,20591.24121,3.95201e+11,36165609165,1555.02921358139,187324850268.189,15641652314.2101,32.1138730290556,11523992959.0178,1011210916.49823,298.007,3.08
2022-10-30,20800.70709,3.99135e+11,32806216911,1619.42958362774,195052502985.67,17044927217.7519,32.8394469995629,11775325291.5272,1095984786.70338,298.007,3.08
2022-10-31,20623.8715,3.95548e+11,24707906149,1591.0517734961,191500820025.978,10366405350.2508,32.9071881574615,11772898715.5274,704167456.253289,298.007,3.08
2022-11-01,20494.60121,3.93311e+11,37290619695,1572.97951488598,189478578997.596,14900137160.396,32.6012693850865,11727290548.4097,1142703750.61761,298.786,3.78
2022-11-02,20489.6462,3.93218e+11,32262771911,1580.37873344026,190428736966.332,19199900507.1506,32.2410111655722,11588937673.9135,1299519862.882,298.786,3.78
2022-11-03,20162.9809,3.87016e+11,44539856162,1520.63836437898,183368006193.11,27498708818.1334,30.788368557205,11076265328.7699,1780701025.10276,298.786,3.78
2022-11-04,20210.91242,3.87756e+11,36562782564,1531.11263074157,184398997533.259,22537458293.6922,30.8266004380592,11061246430.4311,1419473857.64446,298.786,3.78
2022-11-05,21150.31558,4.05988e+11,33773463079,1644.19285780894,198053929735.652,36953923774.7607,33.7884320602089,12137630163.1817,2002856945.82233,298.786,3.78
2022-11-06,21282.98511,4.08893e+11,31061573101,1626.80643049336,196264485041.591,21174006976.1198,36.7184021056597,13202283372.1165,3501844329.57409,298.786,3.78
2022-11-07,20906.99793,4.01869e+11,50602704771,1572.94777697216,189763621397.95,22195586345.8766,32.7731982533005,11783689545.4017,2458440631.19944,298.786,3.78
2022-11-08,20597.75502,3.95169e+11,91750982446,1569.98863600334,188875473098.02,30344896841.8525,29.5493171952422,10655109386.6521,3400112554.36303,298.786,3.78
2022-11-09,18562.35322,3.56872e+11,92144963385,1334.28793310824,160813058133.99,32343101742.6214,24.2281106572526,8815290464.79173,5868071366.15086,298.786,3.78
2022-11-10,15742.44434,3.01964e+11,74978675391,1095.18397711329,131794377265.613,29253284762.6595,14.0040700646658,5120135551.78989,4375833758.94284,298.786,3.78
2022-11-11,17594.9235,3.36597e+11,65200666543,1301.55388030744,156380990539.856,24039423467.4505,17.8355980215421,6419997387.60328,4179359302.11393,298.786,3.78
2022-11-12,17080.21526,3.25921e+11,45030331311,1293.91159488715,155222424523.539,17355612789.3197,16.6253919394382,5963504846.88582,2174804309.63389,298.786,3.78
2022-11-13,16797.98748,3.22331e+11,21893997141,1255.60105075784,151059842003.224,8636739779.55446,14.7054801781234,5331217054.9274,770041818.92332,298.786,3.78
2022-11-14,16344.34232,3.13606e+11,20411619109,1223.00644332837,147426038251.769,7719000328.30708,13.2525572224811,4816392214.34615,782848284.101008,298.786,3.78
2022-11-15,16645.8285,3.20599e+11,37539226046,1241.99709272831,149987178583.217,12056844339.7397,14.0966154350255,5121041157.02681,1300493081.08017,298.786,3.78
2022-11-16,16890.52938,3.24608e+11,28676275679,1252.70673083668,151062413577.562,8940477028.37425,14.355239175467,5205583202.09788,811376855.599381,298.786,3.78
2022-11-17,16689.39673,3.20099e+11,26922027947,1217.7020892163,146462319554.316,8870530650.4467,14.3556193332626,5186877452.3601,478085250.665686,298.786,3.78
2022-11-18,16718.36123,3.21287e+11,22011291267,1201.78984196413,144894942760.297,7075882101.61953,13.6648684030464,4954608939.39569,651561392.817448,298.786,3.78
2022-11-19,16707.02278,3.20877e+11,20942172141,1213.49631006335,146145817586.603,5600678512.52978,13.2976311370333,4831754494.86942,343052461.917569,298.786,3.78
2022-11-20,16712.72953,3.21151e+11,10844466290,1218.89365711125,146971097131.675,3722348151.00222,12.8846816204462,4683383043.29336,300941946.440727,298.786,3.78
2022-11-21,16304.07686,3.13371e+11,15680401750,1144.25315250855,137964810712.75,6826180055.62674,12.3454537819137,4470695233.32152,487321298.838249,298.786,3.78
2022-11-22,15814.33528,3.03834e+11,31057277097,1110.28821301246,133733639793.522,10372965080.6129,11.9181341004265,4319145655.91208,484804704.093955,298.786,3.78
2022-11-23,16171.62898,3.11463e+11,25091849199,1135.17581189425,137050514642.069,9220536958.83979,12.435189582199,4530165523.57738,523436176.527279,298.786,3.78
2022-11-24,16608.00999,3.19494e+11,26858079944,1184.46175810297,142854533237.693,9189536303.57554,14.4154758216211,5242384046.2943,846044003.937973,298.786,3.78
2022-11-25,16596.03576,3.1895e+11,20949512927,1204.20780283312,145091739838.441,6955523718.22101,14.592503903295,5295975306.29667,618848577.776876,298.786,3.78
2022-11-26,16524.44901,3.1792e+11,18933018588,1198.97558848891,144810246844.917,5823202533.48716,14.0756053722277,5120779702.05463,360308376.554897,298.786,3.78
2022-11-27,16456.15606,3.16207e+11,18243019110,1205.65796021571,145222050633.464,5271100859.56475,14.1651892233518,5142450538.96823,375214637.013942,298.786,3.78
2022-11-28,16459.14954,3.16488e+11,16551822516,1196.19621956593,144507830172.607,4150923882.2747,14.1064283069705,5138320693.99714,255763021.757676,298.786,3.78
2022-11-29,16222.21073,3.11811e+11,24566056814,1170.11574147151,141048501904.669,6467273323.74168,13.3431029772993,4848821246.04096,503946286.277574,298.786,3.78
2022-11-30,16441.97998,3.16171e+11,24663035431,1216.93642069374,146749281622.598,7132972094.45339,13.3740853295073,4865903266.78345,298911192.222709,298.786,3.78
2022-12-01,17186.50257,3.30763e+11,30676053555,1298.94077037352,156777674228.407,9889408117.51856,14.1471048391942,5160133742.78354,302419321.530964,298.832,4.1
2022-12-02,16972.73406,3.26142e+11,23319572025,1276.6393714031,153787135286.893,6400063074.12089,13.50918141405,4905910344.46953,268679954.051665,298.832,4.1
2022-12-03,17084.87334,3.28178e+11,20945433172,1293.94802317821,155766037022.939,5644934957.24169,13.7654632071028,5000690502.57645,285026800.296415,298.832,4.1
2022-12-04,16923.38287,3.26498e+11,16931408154,1243.04084232897,150322759022.752,5183647936.2847,13.3343970652337,4863696934.39681,197683828.19472,298.832,4.1
2022-12-05,17149.93175,3.29545e+11,18214353301,1282.41644813941,154484879835.456,4842789176.37409,13.776809958187,5008063958.88371,173958273.403319,298.832,4.1
2022-12-06,16973.37258,3.26636e+11,23204017214,1259.75757485653,151960138515.58,5795682744.77227,13.8736084449942,5053925412.5079,383499016.801485,298.832,4.1
2022-12-07,17085.64314,3.28108e+11,21026126511,1271.93547612639,153112232020.501,4765089563.17574,14.2977078768985,5195420302.8083,333400205.360598,298.832,4.1
2022-12-08,16851.30347,3.24179e+11,21192130006,1233.62504839904,148778387852.61,5392077793.33396,13.5368260343019,4939250221.60036,272839148.557638,298.832,4.1
2022-12-09,17235.01416,3.3139e+11,22674029585,1281.21063706726,154438830699.882,5929103713.48247,13.6931543516935,5016573038.66855,236384884.059606,298.832,4.1
2022-12-10,17149.8242,3.29757e+11,23179829829,1264.47734672157,152405570526.73,5743935111.26378,13.6129422454868,4985978110.51576,257533932.189859,298.832,4.1
2022-12-11,17125.36493,3.29283e+11,14234368490,1264.79227934951,152480155389.31,3136321665.27463,13.5858810604485,4967608679.20989,123957064.341286,298.832,4.1
2022-12-12,17101.03802,3.28869e+11,15681124919,1264.31798555117,152290250844.838,3179021750.44724,13.4394752874743,4920995808.77367,132233094.814964,298.832,4.1
2022-12-13,17179.59604,3.30716e+11,21633829199,1275.33242115514,153743004467.37,5107100671.71323,13.3239567808878,4889774456.96242,250950456.286818,298.832,4.1
2022-12-14,17784.16289,3.42103e+11,28941242218,1319.41300774312,159205793114.475,8667920250.97344,13.8280593134677,5067860068.02948,388863061.309608,298.832,4.1
2022-12-15,17808.71617,3.42693e+11,27267536669,1308.40015234039,157633274799.269,8063349707.43991,14.1491326089501,5187094164.82527,531056515.215128,298.832,4.1
2022-12-16,17338.35813,3.33855e+11,22754686788,1263.74642408569,152444818382.921,6014960880.4838,13.9944550018483,5134598270.27071,320493477.526067,298.832,4.1
2022-12-17,16623.75783,3.18992e+11,22250411215,1165.97377728233,140289330990.175,9306680537.67198,12.2722628328794,4487828854.56159,416039758.060948,298.832,4.1
2022-12-18,16806.48559,3.23096e+11,15086383816,1189.4275215642,143321475845.908,4893469369.23855,12.5258150650181,4589791879.19369,277076734.499642,298.832,4.1
2022-12-19,16742.81666,3.22741e+11,11134054723,1186.77792103625,143142028259.18,3175705524.42087,12.4165804631383,4577684410.90737,127947867.992348,298.832,4.1
2022-12-20,16422.56227,3.1627e+11,17719672545,1166.98959051566,140848456817.413,4281620919.98248,11.9356623543314,4386451838.86188,240138137.948192,298.832,4.1
2022-12-21,16899.33197,3.2512e+11,24938219698,1217.88889166418,146802833364.3,6463130153.51268,12.2805498228372,4505699073.90593,203088901.024432,298.832,4.1
2022-12-22,16816.8537,3.23128e+11,16062767787,1213.34316122552,146039250786.065,4086534541.45075,12.1194287791392,4442285590.08154,189500696.857646,298.832,4.1
2022-12-23,16824.79016,3.23519e+11,17847826942,1217.85254971082,146741009624.095,5190165001.53594,11.7947122891148,4304981639.73841,205996063.5883,298.832,4.1
2022-12-24,16791.45544,3.23013e+11,16765392450,1220.70174491979,147069822795.654,4777025971.87922,11.800554937017,4327532615.70861,177437763.395244,298.832,4.1
2022-12-25,16848.56871,3.24073e+11,10169853734,1221.35953034845,147173116811.528,2443348024.21521,11.4703196939685,4207271979.81926,226479857.466581,298.832,4.1
2022-12-26,16842.17704,3.23869e+11,12574453969,1219.2863432163,146840669268.712,3694243212.81747,11.4009666537027,4185139946.60901,112713128.358425,298.832,4.1
2022-12-27,16900.08187,3.25037e+11,12574997282,1226.25341483101,147697269147.947,3071221733.63115,11.3013064665179,4147178331.19588,151024935.728432,298.832,4.1
2022-12-28,16701.84021,3.21351e+11,17436062122,1211.81956206386,146030514727.002,4221450706.76129,11.0803489035252,4063717880.57174,260619507.523931,298.832,4.1
2022-12-29,16538.90609,3.18289e+11,19113614756,1188.72866388216,143241827136.736,5177421363.01234,9.77082484576721,3585609635.80017,524688006.444543,298.832,4.1
2022-12-30,16644.37909,3.20297e+11,15683731677,1201.54310605943,144831301452.105,4174715683.62806,9.59779522044854,3537484124.79432,838317810.154649,298.832,4.1
2022-12-31,16604.02052,3.19722e+11,17497327983,1199.11049717119,144611517916.407,4110733112.81029,9.88823124376004,3630516626.22565,996392621.605559,298.832,4.1
2023-01-01,16540.69362,3.18278e+11,12013247678,1196.61306480845,144188788703.975,2891351007.42519,9.96146294329774,3663707629.85262,328903351.520162,300.42,4.33
2023-01-02,16615.96932,3.19832e+11,9799252684,1200.65921690107,144712215098.152,2179799161.03854,9.97394940256508,3670345897.62976,220369604.527094,300.42,4.33
2023-01-03,16674.34254,3.21486e+11,13023861028,1214.37894592535,146443084804.901,3845095582.09346,11.2663774301124,4150541190.49597,612350127.506016,300.42,4.33
2023-01-04,16677.64619,3.21081e+11,15367167883,1214.76096941934,146422424046.498,3385566691.4569,13.3553923926529,4897985570.66473,1332758654.082,300.42,4.33
2023-01-05,16855.17474,3.24398e+11,20836560772,1256.43660378349,151322902029.084,6727208484.54655,13.4562927022432,4953205509.87908,1282105634.64375,300.42,4.33
2023-01-06,16832.09899,3.24139e+11,14919039445,1250.79225223559,150805231900.395,4052351544.82019,13.4384801751579,4943576397.42782,597269711.774261,300.42,4.33
2023-01-07,16960.23206,3.26571e+11,19046576250,1270.02861017806,153115414332.175,5222706873.55758,13.5244934221122,4984816083.87432,488298544.713318,300.42,4.33
2023-01-08,16950.86152,3.26372e+11,9594456673,1264.83694338372,152351777734.969,2439388823.05723,13.0889041484243,4837378850.91332,206848508.914883,300.42,4.33
2023-01-09,17074.6154,3.28471e+11,11841041543,1284.5754041343,154857941332.009,3401917835.26941,14.366071146091,5151917607.84378,641916931.218771,300.42,4.33
2023-01-10,17194.90933,3.31158e+11,25532751567,1321.67657117306,159397504473.277,8615288094.16077,16.3022997799487,6031956017.04445,1889438468.28863,300.42,4.33
2023-01-11,17436.90233,3.35744e+11,21858206845,1336.01707177178,160999220384.619,6390063040.04484,16.2031936084116,6001548952.66613,854036815.489715,300.42,4.33
2023-01-12,17996.83255,3.45689e+11,25439279073,1389.77166209411,167839113151.031,6779329581.8632,16.4634040272488,6106281178.18165,749738092.727037,300.42,4.33
2023-01-13,18866.81033,3.63381e+11,48025109150,1417.13490874391,170890542806.261,13360962683.0723,16.6157476883351,6160624328.04867,948123277.608364,300.42,4.33
2023-01-14,19941.78054,3.82675e+11,39514419053,1453.37691020892,174798760594.588,8386970426.2251,18.2797345936966,6767551967.35033,1221076768.19804,300.42,4.33
2023-01-15,21019.20661,4.0521e+11,49498711312,1549.1114740813,187276048380.949,15505376250.7123,24.3028620202523,9066218089.52265,4130184710.82615,300.42,4.33
2023-01-16,20853.23057,4.01697e+11,23072133988,1551.3245171753,186901700956.483,7074931051.08369,22.8375232867812,8465167529.98188,1967106481.94341,300.42,4.33
2023-01-17,21175.33774,4.0776e+11,34809391746,1577.72589048297,190122961411.695,9434570734.55175,23.5859519450038,8762954564.82465,1775938541.45958,300.42,4.33
2023-01-18,21156.78393,4.07405e+11,33278841337,1569.53083322729,188982728685.097,8482482040.67027,22.8815874419583,8525510205.46262,1033549762.13365,300.42,4.33
2023-01-19,20726.84497,3.9935e+11,40612056909,1516.5554754737,183517931282.589,11809477723.6559,20.8576343450772,7710048711.61584,1543991743.30411,300.42,4.33
2023-01-20,21081.67102,4.06258e+11,29144534678,1550.50888755856,186967330908.324,6871702648.39477,21.4145600308483,7934995923.19162,898504341.268433,300.42,4.33
2023-01-21,22705.83368,4.36725e+11,41321936669,1661.33491934054,200011161010.52,9228892411.46019,25.5758348723189,9489394201.9578,1527407710.51574,300.42,4.33
2023-01-22,22771.02329,4.38579e+11,44077026804,1625.90931098866,195908718395.081,9663018503.70712,24.6652865948163,9143727538.63339,2096626033.25356,300.42,4.33
2023-01-23,22736.66143,4.3806e+11,34124364415,1630.8448549408,196512572594.408,8233555835.05332,24.2718348955552,9004757973.45311,970991825.314145,300.42,4.33
2023-01-24,22984.87498,4.42926e+11,36750647386,1632.96172671353,196541663696.437,9037743837.86255,24.4266280222471,9057978593.35801,917151760.532467,300.42,4.33
2023-01-25,22610.0106,4.35679e+11,35621897293,1557.05976087217,187270576772.943,9078639809.98298,22.7893400759992,8470454667.82659,855305584.531664,300.42,4.33
2023-01-26,23180.4227,4.46715e+11,42772537175,1614.67718506293,194402223992.62,11946053798.4904,24.6604031451269,9151912233.3053,1389562422.60669,300.42,4.33
2023-01-27,23024.74618,4.44006e+11,37099702812,1602.84694925232,193276131177.597,10076436860.256,24.3632290188196,9052529628.29716,811737989.685699,300.42,4.33
2023-01-28,23082.85838,4.44898e+11,36109035905,1598.47019354501,192677648328.437,9593062923.13028,24.413747574728,9066608034.90292,702646248.494421,300.42,4.33
2023-01-29,23022.23299,4.43703e+11,19567219824,1573.06343943306,189301295262.202,6523949724.80886,23.9861758142009,8888774937.51398,522601581.691514,300.42,4.33
2023-01-30,23797.46089,4.58368e+11,38438621264,1646.51599009302,198339307428.104,10037370816.308,26.1776763565178,9723380871.43428,1086841729.86002,300.42,4.33
2023-01-31,22840.38586,4.39296e+11,38594596832,1568.64771349631,188787565951.331,10977781767.5023,23.9633353397227,8894199458.02625,1111636437.09002,300.42,4.33
2023-02-01,23137.32355,4.45991e+11,32683643418,1586.53957658369,191042852121.471,7544090211.9465,23.9613913173703,8896873315.81933,636667495.018776,301.45,4.57
2023-02-02,23725.1618,4.57383e+11,37452064508,1642.8571681586,197724834027.56,9295116915.9373,24.9833058402699,9295594682.00157,1017077833.87465,301.45,4.57
2023-02-03,23539.67677,4.53565e+11,44735297657,1648.67968407687,198613736403.151,12542560274.3427,24.3194899559913,9062290851.69266,1066576080.92744,301.45,4.57
2023-02-04,23451.57765,4.52313e+11,41267040611,1665.42787122386,200784153460.471,9528083087.52036,24.6864969993034,9209669774.76285,781139212.064073,301.45,4.57
2023-02-05,23340.34959,4.50197e+11,21063097082,1667.2716925637,201099652782.747,6766208820.07522,24.3520206634369,9084646376.72059,350243684.448256,301.45,4.57
2023-02-06,22946.28658,4.42934e+11,26678691425,1631.37252336365,196817854756.221,8211226952.33072,23.513631913468,8775453234.4005,638580954.92623,301.45,4.57
2023-02-07,22786.48301,4.38726e+11,33963650031,1617.14416328921,194725338782.415,7825100535.00889,22.7169524721599,8463616399.32971,463322357.868499,301.45,4.57
2023-02-08,23294.91365,4.49391e+11,38850594359,1672.82267777581,201779050385.86,9180247305.88792,23.9042098610209,8928209652.21195,707393494.166873,301.45,4.57
2023-02-09,22947.50783,4.42518e+11,34247782006,1651.40837860238,199107556553.159,8766845417.32004,23.2065551402445,8681217220.95771,581769819.459882,301.45,4.57
2023-02-10,21820.88651,4.20791e+11,51161546272,1546.3837686584,186306817307.096,12447757846.4169,20.4376829812283,7674814944.97145,808728417.656008,301.45,4.57
2023-02-11,21630.13298,4.17351e+11,42389972640,1515.53402686155,182839491763.378,9882779899.96751,20.1238439269683,7582538971.71571,684166038.485087,301.45,4.57
2023-02-12,21889.43208,4.22108e+11,23574706406,1541.96887694127,185826666441.384,6070233325.97355,20.8449373330178,7825374946.87286,278031093.453037,301.45,4.57
2023-02-13,21779.8744,4.20218e+11,25877166001,1515.33463118064,182722050130.996,6128794710.19269,21.4407679108634,8057257217.57268,544548720.79399,301.45,4.57
2023-02-14,21807.83427,4.20839e+11,36761909546,1506.91620101351,181589830341.348,11573812955.9707,20.7847447099016,7804126001.84696,723121577.981303,301.45,4.57
2023-02-15,22220.071,4.28649e+11,45363697020,1556.96348434539,187619568130.735,11723184974.3043,21.8452183178515,8222948441.25696,850945955.582779,301.45,4.57
2023-02-16,24307.8751,4.6882e+11,44336284482,1674.85820747353,201595282287.486,11079231384.2454,23.8891959366029,8975776575.30878,831022310.684582,301.45,4.57
2023-02-17,23756.90728,4.59294e+11,48144978044,1646.14350188673,198370400841.443,13388835215.0878,22.3446008462393,8400837292.39062,956362734.297471,301.45,4.57
2023-02-18,24628.82455,4.75194e+11,54200707341,1697.08486657379,204534589183.798,10807323083.842,23.1939707609548,8757810457.77706,666303722.264017,301.45,4.57
2023-02-19,24642.79087,4.7553e+11,24900444765,1692.51896283122,203613145994.361,5863446679.02043,23.4513417611844,8864240990.71123,411412105.67307,301.45,4.57
2023-02-20,24284.478,4.70799e+11,33664683478,1680.37868570007,202999098993.983,7499517187.11955,24.8105340259612,9416249238.48782,1082089933.53226,301.45,4.57
2023-02-21,24786.66594,4.78237e+11,38997046274,1700.19868149927,204900256888.841,8435810846.26439,26.0350076522931,9849428455.39243,1528181094.5659,301.45,4.57
2023-02-22,24417.38704,4.70624e+11,41991954878,1656.58236957112,199387951962.055,9728814194.48438,24.9210097593334,9410006572.06062,971104096.016164,301.45,4.57
2023-02-23,24146.10136,4.65999e+11,40336608135,1643.17339374535,198153971276.356,9836391621.8509,24.170080335848,9148040150.61283,1006550896.11294,301.45,4.57
2023-02-24,23951.11098,4.61043e+11,42356618035,1651.85000669143,198619189860.056,9698749201.90217,23.9243870272823,9024298203.90243,617535605.197316,301.45,4.57
2023-02-25,23172.28654,4.47316e+11,35081974267,1608.10349365384,193773223390.335,9609840835.07647,23.0583527043649,8723841537.76114,649161438.379104,301.45,4.57
2023-02-26,23157.03811,4.4703e+11,22999909593,1593.95197379085,192056375721.211,6117521125.04502,22.4103544090056,8461125692.33263,582781483.096518,301.45,4.57
2023-02-27,23541.11585,4.54285e+11,24469102669,1640.58271019431,197696596339.368,6357994998.20623,23.2309130687567,8789815699.8464,447765032.416254,301.45,4.57
2023-02-28,23518.12391,4.54365e+11,28832423816,1633.97662898338,197018105507.061,7916573299.24559,22.6935781439133,8589782940.91369,515693154.220399,301.45,4.57
2023-03-01,23155.54375,4.4601e+11,25534054046,1606.63263945484,193276888983.678,6883711561.9226,21.9157506840208,8278729498.56452,353854572.749225,301.821,4.65
2023-03-02,23634.33349,4.56417e+11,32507897259,1663.92577729446,200476156508.342,8672222866.05568,22.5057976503278,8530663779.64512,368841392.139484,301.821,4.65
2023-03-03,23464.33654,4.53067e+11,27432755758,1647.66466690777,198520753673.545,7930395056.20691,21.9740165570282,8328272221.7963,331963626.279652,301.821,4.65
2023-03-04,22367.43302,4.31728e+11,34239649135,1570.66821059978,189178795460.261,11179316252.2077,21.406769225209,8106249844.53406,498070582.622629,301.821,4.65
2023-03-05,22348.32992,4.31837e+11,13392431932,1568.49560105622,189002414068.685,4800994312.37093,20.9555346664232,7946564768.28208,254558509.365126,301.821,4.65
2023-03-06,22421.88581,4.33081e+11,16080097920,1563.22566200563,188337456156.214,62172854406.2275,21.0025706847439,8013062334.53546,269435912.697151,301.821,4.65
2023-03-07,22415.11366,4.32759e+11,21124920006,1567.35014652522,188803304807.845,6627693313.53233,20.6309643326536,7891217439.14781,325982714.810154,301.821,4.65
2023-03-08,22217.20988,4.27995e+11,27780357943,1563.8131822475,187945419858.861,8523808476.52785,20.2727421550689,7742957402.80246,397969144.739639,301.821,4.65
2023-03-09,21712.65119,4.19695e+11,28493032425,1535.26025209711,185138878803.257,11881879818.7252,18.4279164265099,7066726944.3327,654065004.833375,301.821,4.65
2023-03-10,20376.32001,3.92842e+11,40173833478,1440.16766188018,173232609854.289,10861201441.1354,17.3330621164466,6615095595.21186,817533089.049216,301.821,4.65
2023-03-11,20195.22895,3.90202e+11,51593890225,1429.60316910418,172474466355.715,14696381616.841,18.2126981876155,7004462520.10082,988470037.037077,301.821,4.65
2023-03-12,20521.55615,3.94743e+11,37746654240,1474.40324440156,176915178456.419,18345198261.396,18.0684816127842,6928931920.5502,671121164.853548,301.821,4.65
2023-03-13,22095.7134,4.25817e+11,36639901909,1588.19680205305,190440681263.213,13967891188.5,20.3381568766246,7755318676.39404,766795515.827622,301.821,4.65
2023-03-14,24178.95533,4.66509e+11,66799159802,1678.91563439331,202294154847.09,65211714924.5084,20.3770806518247,7821977632.7493,1115385621.14757,301.821,4.65
2023-03-15,24758.76509,4.78406e+11,70714394276,1708.30089736667,205738833552.654,19833762797.5836,20.9799347554077,8029661085.93971,1216812986.38554,301.821,4.65
2023-03-16,24470.88205,4.72834e+11,63107437929,1658.07010856631,199607487558.332,17257648020.3621,19.3364000311171,7414057337.32138,891834503.681972,301.821,4.65
2023-03-17,25161.27202,4.86376e+11,60688056875,1679.79247620809,202411234958.157,30201930394.7613,19.8328118584003,7607669118.34484,505612446.962292,301.821,4.65
2023-03-18,27466.67783,5.30038e+11,64617615618,1793.29880173423,215660560704.775,14459727611.0418,21.6446276400655,8298944866.27406,746567229.300444,301.821,4.65
2023-03-19,27107.79218,5.23262e+11,46473651091,1769.42532691239,213123927233.328,11976182095.2961,21.3174625685989,8167246753.17232,984171481.07422,301.821,4.65
2023-03-20,28186.84265,5.46681e+11,46394763656,1801.36741901146,217844457987.995,10745813975.1035,22.0221112322192,8495353255.96275,671444269.150774,301.821,4.65
2023-03-21,27929.16773,5.38935e+11,55315948514,1744.44145996002,209763828559.923,12973595973.36,22.322024083946,8570996250.73312,1214980639.46154,301.821,4.65
2023-03-22,28264.23961,5.45917e+11,34430928756,1811.41124366827,218008486913.684,10831022955.1999,22.7402063494404,8718952337.67944,725964027.59317,301.821,4.65
2023-03-23,27449.25483,5.30515e+11,35394833934,1747.64002811411,210285658211.084,13820716099.5019,21.5780680688604,8277163932.31642,914736382.951417,301.821,4.65
2023-03-24,28459.73511,5.49578e+11,20360807195,1824.95665789493,219518418514.192,10980967034.9377,22.306155317676,8543484776.05564,538469214.219926,301.821,4.65
2023-03-25,27595.49475,5.33634e+11,21551272690,1751.21940782617,212072713258.261,11601017881.7866,20.7737709503896,7977960408.11383,635693408.653031,301.821,4.65
2023-03-26,27670.1995,5.34961e+11,15053754845,1753.98263650741,211355889911.333,8023849174.38953,20.5936988564072,7901578024.34937,387073479.374304,301.821,4.65
2023-03-27,28048.46998,5.42676e+11,14450374261,1776.86769045672,214528709136.829,8417258785.45516,20.9822893823743,8079229951.39579,326327791.343294,301.821,4.65
2023-03-28,27182.29956,5.25231e+11,18519053232,1719.17097267486,206685090340.537,9757415238.16515,19.9575402149083,7655291926.18358,406232834.845667,301.821,4.65
2023-03-29,27291.35002,5.28043e+11,17658503319,1776.04363932983,213909228254.647,9548011563.71663,20.4993405177049,7878765558.47547,400868517.623432,301.821,4.65
2023-03-30,28394.99778,5.48808e+11,21097595427,1795.53694782732,216268184816.821,10395388838.7688,21.1323339127691,8122141676.4723,422168351.83038,301.821,4.65
2023-03-31,28041.12308,5.4237e+11,22702531379,1792.90857830804,216024475834.153,10958214915.4279,20.5744047759753,7919320174.47122,532520991.041086,301.821,4.65
2023-04-01,28516.78473,5.51707e+11,19112345640,1824.02000555282,219903281108.441,10329452626.6318,21.2054018515193,8194996259.08917,415947399.723395,302.845,4.83
2023-04-02,28498.94463,5.5095e+11,10085380789,1823.00037982531,219561711559.01,6199278060.28937,21.0835002163107,8133720019.79303,251948585.428472,302.845,4.83
2023-04-03,28236.50874,5.45181e+11,11682876587,1797.73698839386,216494189054.479,6679784659.59878,20.5654393688411,7929638196.33059,250939723.334805,302.845,4.83
2023-04-04,27815.42653,5.39351e+11,19711493345,1810.46625548476,218499091537.948,11141583996.1722,20.4366902950569,7900168640.99376,529752910.733168,302.845,4.83
2023-04-05,28175.33033,5.44314e+11,14871614373,1871.33352589864,225257854355.949,11580514457.9619,20.9211006406113,8093519489.19683,348472966.785174,302.845,4.83
2023-04-06,28197.20034,5.4541e+11,16507617904,1911.33868995175,230370056366.271,11586484696.706,20.9823743552051,8139780743.43071,361878192.553539,302.845,4.83
2023-04-07,28042.98339,5.42601e+11,13079528995,1872.24668236791,225549620778.914,9208408844.04507,20.6090025271012,7980951367.92604,271953094.788808,302.845,4.83
2023-04-08,27934.43871,5.40432e+11,10141276804,1866.65754478742,224884695655.054,9298216041.37166,20.4837853004106,7945861961.1677,208769926.082166,302.845,4.83
2023-04-09,27968.12805,5.41094e+11,8844199146,1851.05067107062,223169245107.383,5970294474.95257,20.0425813045983,7779827678.55976,229345793.288661,302.845,4.83
2023-04-10,28351.23699,5.48569e+11,11429030270,1859.94038728781,224219517643.814,7405572878.99046,20.3043366908483,7886462397.65991,195652671.409676,302.845,4.83
2023-04-11,29657.97414,5.7406e+11,17475381731,1909.88206094159,230201702660.863,9639736045.97077,20.8751231463483,8111384994.39385,243051082.769744,302.845,4.83
2023-04-12,30260.93611,5.85359e+11,18320296515,1892.93891106958,227988460702.936,10245367683.7122,23.0056546901141,9019417673.03766,1081779112.36491,302.845,4.83
2023-04-13,29904.13869,5.78851e+11,18407698928,1920.22303119312,231476399968.907,13152150835.2272,23.8305326664217,9350156509.87437,1370531367.92518,302.845,4.83
2023-04-14,30405.02731,5.87939e+11,16404033694,2012.78541516201,242284529486.343,13956404022.5792,24.4277102452171,9566762973.06622,666066820.091665,302.845,4.83
2023-04-15,30468.4087,5.89051e+11,20984067684,2102.94618829491,252719453976.015,17899705467.0929,24.7737139971761,9705804479.0832,825834920.560227,302.845,4.83
2023-04-16,30312.16188,5.8697e+11,11028264273,2093.16633133196,251586840869.999,9272832786.08404,24.0760869689613,9451805831.22978,387945854.004791,302.845,4.83
2023-04-17,30304.80751,5.86268e+11,11188035367,2118.59878915389,253507799906.497,8879608633.84169,25.2957646822936,9920073717.12875,514890126.184209,302.845,4.83
2023-04-18,29467.45983,5.69958e+11,16771824488,2077.53566463718,247900016291.376,10818847581.5407,24.582472271741,9623598168.57313,910595768.703996,302.845,4.83
2023-04-19,30365.90417,5.8773e+11,18078539249,2103.27881359215,251100187595.887,10121134598.1435,24.8288319563082,9739599132.26336,558944406.031455,302.845,4.83
2023-04-20,28833.2175,5.58796e+11,24136616862,1936.42592079836,231458322403.794,15695628542.0244,22.669218348293,8903451124.56831,974039298.910619,302.845,4.83
2023-04-21,28255.57825,5.46141e+11,21695904965,1943.43559819258,233965107542.742,12422352272.1652,22.1787850736459,8697671636.54644,712597030.049315,302.845,4.83
2023-04-22,27300.15713,5.28357e+11,20420333534,1850.14973842422,222536195564.371,13427480065.7674,21.25632997579,8333890309.33435,527655622.163193,302.845,4.83
2023-04-23,27861.64066,5.39455e+11,11700230850,1877.54132806115,226130094815.933,7809497062.82546,21.8514983303249,8584446324.2314,249197740.836116,302.845,4.83
2023-04-24,27606.57835,5.33753e+11,11435645307,1863.63914221422,224130103074.643,7375382210.29527,21.4992729467066,8420199212.27313,348355516.875468,302.845,4.83
2023-04-25,27511.63568,5.32291e+11,16443099945,1842.63079208716,221819334333.29,9177916724.0864,21.3881236233419,8399117356.5717,401676853.062666,302.845,4.83
2023-04-26,28351.21825,5.4836e+11,17061823986,1870.56522312303,225096171581.735,9669740943.90544,21.9396124722503,8617142936.35036,409777211.682008,302.845,4.83
2023-04-27,28352.19132,5.48639e+11,30540034741,1867.58932501249,224807445929.171,16137081936.1186,21.2562475292335,8354008434.67064,778775424.108569,302.845,4.83
2023-04-28,29483.5217,5.70258e+11,26238597379,1910.4567791029,229940294581.219,17307261170.9472,22.3378640236797,8756193576.97448,588617917.500963,302.845,4.83
2023-04-29,29339.995,5.68154e+11,18730801539,1894.42808395011,228152292773.131,8853391784.29081,23.3748181890161,9208471390.32159,571324657.172879,302.845,4.83
2023-04-30,29217.94405,5.65714e+11,9711415139,1905.27385227321,229429843509.54,5262009753.40501,23.1284016742288,9092156212.48763,419332790.790533,302.845,4.83
2023-05-01,29362.05621,5.68513e+11,14707008605,1885.39193533692,227186562478.899,7328083478.97748,22.9983216157083,9057154980.36527,425241774.703914,303.334,5.06
2023-05-02,28125.50116,5.44422e+11,19980169281,1832.72579940675,220608989107.972,9673378163.52274,22.0074857526679,8651811979.92999,505839771.414527,303.334,5.06
2023-05-03,28654.39013,5.54887e+11,17699097406,1870.82857278759,225192198744.264,8338110887.91212,22.2628246623785,8773546966.16016,326717891.149214,303.334,5.06
2023-05-04,28988.321,5.61312e+11,19944381491,1903.72821073528,229058202737.14,8855867548.89446,22.2196418601681,8762010269.84146,493483012.238533,303.334,5.06
2023-05-05,28846.46146,5.58634e+11,12676760580,1877.40119505254,226033834100.122,7156399180.62065,21.7418009738009,8571042186.73183,330851121.919633,303.334,5.06
2023-05-06,29520.32227,5.7152e+11,4971523631,1993.61296574743,239911504424.294,10662067255.9686,22.8186062321913,8999007584.2166,495492869.260528,303.334,5.06
2023-05-07,28887.74105,5.59079e+11,6463808309,1900.41059902573,228369002903.679,11135926723.2971,21.9867064063412,8661587000.94238,387964991.341857,303.334,5.06
2023-05-08,28611.4392,5.54373e+11,10199066943,1895.23014805489,228246618295.442,6233921635.46938,22.0024522858178,8705466133.76973,341580978.589868,303.334,5.06
2023-05-09,27696.76079,5.36032e+11,21535578789,1849.28862956253,222406833247.604,11496171817.8335,20.6566846409851,8146997991.83038,647060628.295059,303.334,5.06
2023-05-10,27607.39168,5.35037e+11,8876813251,1846.06426402315,222246427487.23,6373057170.18455,20.6569811675587,8164794903.556,318980320.966815,303.334,5.06
2023-05-11,27639.73357,5.34937e+11,17159331951,1842.86555883466,221632027136.726,10471130832.9358,20.9757046276264,8287539919.54562,525984506.465838,303.334,5.06
2023-05-12,27024.76573,5.23415e+11,7754296234,1798.07194552626,216323022928.926,9217787395.58943,20.2544026711924,8015037356.98258,428549097.39256,303.334,5.06
2023-05-13,26787.6904,5.18816e+11,9157286238,1808.69499990157,217659652941.876,10530874714.2991,20.9201623038188,8274505085.73265,397702422.408305,303.334,5.06
2023-05-14,26798.12627,5.20426e+11,8365379054,1797.19947013765,216032102439.73,5150212384.0254,20.8995826675184,8297710532.11399,252119905.384556,303.334,5.06
2023-05-15,26911.80527,5.21319e+11,6019488454,1799.00865861501,216439514891.845,4914907456.46763,20.9369615367056,8280978190.92942,211874592.441757,303.334,5.06
2023-05-16,27227.79342,5.27655e+11,14570026782,1820.04475954072,218513683684.051,7655256291.36031,21.0377482917656,8316882669.84985,339745928.060995,303.334,5.06
2023-05-17,27022.71317,5.23966e+11,12927093921,1823.66301834752,219562064257.988,6283428506.77169,20.6862127178294,8187913902.15828,338232379.001551,303.334,5.06
2023-05-18,27389.97151,5.30763e+11,12580626235,1821.05063470966,219124262711.374,6647945218.37179,21.0582053598932,8341868800.04601,332798485.491049,303.334,5.06
2023-05-19,26842.95249,5.20545e+11,12599487112,1802.39095548345,217078808863.78,6170212643.30753,20.3451957878055,8061536789.16728,325479692.165941,303.334,5.06
2023-05-20,26884.37106,5.21154e+11,11559136131,1812.13170356059,218083824882.05,5092669091.50959,20.3515268471805,8059779103.66576,159063269.009873,303.334,5.06
2023-05-21,27093.7911,5.2504e+11,3882362454,1818.96952950358,218770214155.48,3117917206.10603,20.2696848134818,8022997471.51746,129666227.92748,303.334,5.06
2023-05-22,26773.83024,5.19171e+11,8125825606,1804.92906710728,217302257173.687,3835867355.21771,19.6308007828876,7783712425.51017,236865558.007154,303.334,5.06
2023-05-23,26869.68602,5.20822e+11,8025716966,1818.40146449809,218746186925.567,5183573151.89291,19.5587627897093,7749799385.59985,245317080.649742,303.334,5.06
2023-05-24,27222.93775,5.27529e+11,11685763863,1854.19311827318,222906967413.973,7537701078.99417,20.0469093887137,7940043369.31391,293341170.132203,303.334,5.06
2023-05-25,26338.94895,5.10988e+11,17477200137,1800.73601030584,216837950430.067,8000139188.96175,19.2143231273328,7619548993.2696,317110913.721735,303.334,5.06
2023-05-26,26475.6079,5.13296e+11,11953749225,1805.80576040569,217194191610.317,7459269403.375,19.2561446962647,7626215765.40877,231050352.921655,303.334,5.06
2023-05-27,26717.98755,5.17974e+11,10994037071,1828.95653661973,219969209232.791,6245753617.10362,19.3669995130638,7676617783.52935,181186113.21084,303.334,5.06
2023-05-28,26848.23994,5.20462e+11,6029471708,1830.3066513169,220035586188.354,4068177989.62746,20.4052316006217,8089935112.02395,209249088.651829,303.334,5.06
2023-05-29,28110.31347,5.44879e+11,13144599279,1913.81624931658,230041639357.483,7227287064.56947,20.8151228167005,8259241871.66416,319936574.810417,303.334,5.06
2023-05-30,27759.74666,5.38431e+11,13483205893,1893.7142740897,227805314887.1,6762040908.70283,20.5736578439318,8162528825.07733,263476675.879753,303.334,5.06
2023-05-31,27713.90855,5.37414e+11,12766436370,1901.07831016453,228588229006.9,6019457141.14865,21.2483873961118,8420948536.25616,390015607.568531,303.334,5.06
2023-06-01,27245.47447,5.28464e+11,10001106222,1874.69488502708,225483513769.468,5930556981.74496,20.8204268668568,8253719265.03813,264038937.441645,304.014,5.08
2023-06-02,26824.1015,5.20272e+11,12156086971,1861.72538694762,223850958023.044,6237923582.65361,20.5128885605666,8135209555.98828,229620968.978387,304.014,5.08
2023-06-03,27247.74008,5.28509e+11,15428145242,1907.21232185101,229335461597.879,6910486182.9703,21.2571261696274,8440560224.31339,262878676.049033,304.014,5.08
2023-06-04,27066.37133,5.25209e+11,6673279606,1892.07817646476,227515751048.977,3798117031.94358,21.1482062677329,8395562285.7745,159566542.165622,304.014,5.08
2023-06-05,27315.44759,5.2963e+11,6098045626,1893.17828038209,227418753400.945,4274226592.39827,21.8697501200367,8705745044.41481,372653389.257028,304.014,5.08
2023-06-06,25792.61609,5.00594e+11,21208433572,1813.6816549004,218224817446.194,10887461193.4308,20.082497255511,7993273614.35052,663116037.057603,304.014,5.08
2023-06-07,27216.61556,5.27296e+11,22188018261,1883.24258462558,226225955928.725,9540379707.01433,20.3993163663672,8102758544.84506,490820421.983805,304.014,5.08
2023-06-08,26346.24455,5.1098e+11,14723854336,1832.32040250345,220285044251.913,8474108659.09913,18.6494091132326,7429398031.74888,412771478.263925,304.014,5.08
2023-06-09,26507.90989,5.14279e+11,10197924964,1846.03000178206,222012641423.254,4854817113.53645,18.9188678624994,7533243369.33032,295929574.271866,304.014,5.08
2023-06-10,26469.58168,5.13226e+11,10464066236,1839.20801265819,221018802010.855,5093666796.91848,17.319852048307,6890419608.14491,511958399.059387,304.014,5.08
2023-06-11,25858.12289,5.01654e+11,9755626714,1754.67322841064,210950148701.207,41417850678.7139,15.712291030596,6262620811.88311,1409006890.34334,304.014,5.08
2023-06-12,25916.5799,5.02683e+11,10439993428,1751.72459650425,210604043872.248,5031836446.18382,15.5521657153008,6191248338.35098,495437298.97304,304.014,5.08
2023-06-13,25910.36274,5.02563e+11,9761691909,1742.59605256662,209462687695.94,6731496663.21371,15.2191214416983,6067764743.46644,431328719.293891,304.014,5.08
2023-06-14,25872.20646,5.01752e+11,9921875986,1736.78943716746,208703993936.815,6798862284.58093,14.9960841371687,5975770710.18869,403335227.952527,304.014,5.08
2023-06-15,25107.7547,4.87263e+11,11982737580,1650.67666755355,198559274296.621,8025571357.47188,14.5118913165893,5789069977.26035,327310831.826711,304.014,5.08
2023-06-16,25564.59963,4.95788e+11,15184095954,1664.97746239402,200099209933.717,8283225649.87629,14.7417748260967,5880524857.5058,371929576.697807,304.014,5.08
2023-06-17,26327.32567,5.10906e+11,13604025864,1716.37728109286,206321573355.896,7008799576.15433,15.3056528438058,6109552126.06054,256057658.175977,304.014,5.08
2023-06-18,26501.04444,5.14331e+11,9533422255,1726.372809735,207595972780.227,4859690685.4816,15.6263542726533,6246219926.83306,218008809.311991,304.014,5.08
2023-06-19,26333.09253,5.11385e+11,8589379740,1719.27316150687,206730774198.461,4084738737.02846,15.4344852338973,6170109454.95407,155673889.372695,304.014,5.08
2023-06-20,26779.38746,5.19668e+11,6651894946,1734.79310344266,208507638780.894,5770983890.90609,16.0387622531169,6382655003.17708,150009939.35792,304.014,5.08
2023-06-21,28330.89142,5.4933e+11,19958565665,1790.19044073177,215060967094.14,7900259127.3503,16.6251434030266,6629964493.6757,248748774.34275,304.014,5.08
2023-06-22,30101.76482,5.8407e+11,23757254197,1892.89957191682,227581626984.152,12294793429.6002,17.2632020923107,6903161332.17028,315268431.877878,304.014,5.08
2023-06-23,29935.63211,5.81474e+11,19613389214,1874.17794701671,225381084937.879,9842202528.70774,16.6453925802304,6663990154.56293,295506781.442937,304.014,5.08
2023-06-24,30629.24435,5.94589e+11,22630955879,1891.34500802168,227419416441.596,9303341351.32525,17.1009275859099,6825331675.92722,328345333.92382,304.014,5.08
2023-06-25,30537.81666,5.92912e+11,11736119930,1875.05996192849,225448939889.355,4889178964.70273,16.6306275838968,6642182122.57019,235858972.609683,304.014,5.08
2023-06-26,30454.75697,5.91388e+11,12076819255,1899.14731210461,228332438014.13,7363880089.05032,16.9601197092478,6785842637.33615,212892011.921852,304.014,5.08
2023-06-27,30285.50506,5.87134e+11,16032184117,1859.8024196428,223061316934.541,9893270861.83986,16.2840128044804,6497000673.69349,246629750.073222,304.014,5.08
2023-06-28,30693.54636,5.95427e+11,14411853963,1890.01290378371,227143144300.653,8806434878.37696,16.6040875045777,6626087422.92299,232332350.035712,304.014,5.08
2023-06-29,30083.47725,5.84188e+11,8489428028,1828.45833640073,219923192180.685,6821723542.73514,15.9964247355987,6403600623.48866,301702745.209387,304.014,5.08
2023-06-30,30466.61046,5.91688e+11,12545425127,1853.44524587499,222892015037.671,6609358548.6321,17.9984398006329,7187331652.66652,635900925.945243,304.014,5.08
2023-07-01,30480.78148,5.91722e+11,21422361051,1934.04571426178,232417040695.423,11695335269.5095,18.930359848971,7567998783.57058,828667787.004117,304.609,5.12
2023-07-02,30583.6196,5.93625e+11,4210431244,1924.56724086765,231096044843.462,5763533551.0875,18.6127697047942,7437496981.57796,280718699.569673,304.609,5.12
2023-07-03,30571.88707,5.93627e+11,7236318144,1933.95988138321,232373535009.187,7183593046.18616,19.4467333251039,7792444090.12579,474851803.788816,304.609,5.12
2023-07-04,31134.71313,6.04508e+11,14755008157,1953.78112764892,234942840998.139,9155212793.37497,19.2052143830781,7700930946.15043,280766166.651786,304.609,5.12
2023-07-05,30775.62402,5.98449e+11,12403890725,1937.00042553914,233226523011.071,6067277571.21952,19.2189588729953,7724902370.00577,303069428.562649,304.609,5.12
2023-07-06,30484.79377,5.92387e+11,10260132141,1910.50526050974,230045605241.42,8180984490.32968,18.9721511074722,7619692719.67549,234904855.424956,304.609,5.12
2023-07-07,29990.05515,5.83429e+11,21776707864,1855.47478363631,223411633998.657,13544056615.6403,19.9190477819399,8013479115.45537,849101386.545704,304.609,5.12
2023-07-08,30315.2654,5.88811e+11,13018507893,1869.3171871419,224666147793.609,8877609275.17107,21.4387764300656,8609626131.88745,827536919.632466,304.609,5.12
2023-07-09,30264.19735,5.87678e+11,5608541982,1864.86859191464,224139520023.716,5224435476.27052,21.8967011116072,8804631486.28086,596483861.204096,304.609,5.12
2023-07-10,30169.87066,5.85884e+11,7559670230,1866.9167424804,224416034755.062,2772113286.2102,21.351397376478,8595004420.8743,364524219.787235,304.609,5.12
2023-07-11,30394.28115,5.90312e+11,12835219757,1875.27427267205,225295266243.276,8878301263.05464,21.3026471280522,8559664093.10345,508301719.13718,304.609,5.12
2023-07-12,30620.81425,5.94749e+11,11753418050,1875.86587192949,225467256388.72,5503014510.73343,22.0682339899347,8875741131.46763,431275744.939612,304.609,5.12
2023-07-13,30407.41631,5.90629e+11,13072555444,1873.5068153774,225081147081.106,7979716345.77455,21.9976277999704,8862665910.42944,553660968.112081,304.609,5.12
2023-07-14,31446.01497,6.10726e+11,21254274346,2003.25361607431,240656450975.356,12253238016.1031,25.9903684704212,10410892785.974,1191586017.52505,304.609,5.12
2023-07-15,30311.82781,5.88107e+11,21977151421,1935.9402407442,232297518076.902,13163947666.12,26.7083714344515,10743046575.0777,2112669368.82693,304.609,5.12
2023-07-16,30297.9714,5.88642e+11,6233916919,1931.38938415717,232081207333.197,4430406660.74995,27.351375942539,11015911503.0658,1182553641.3121,304.609,5.12
2023-07-17,30237.33479,5.86391e+11,8356410454,1923.03598981604,230847045457.203,4551682234.72122,27.3650799982109,11002094754.6058,747993415.868202,304.609,5.12
2023-07-18,30147.86008,5.85501e+11,10974383372,1912.12283556956,229772643177.763,7684722413.23439,26.8617980431953,10816613437.0445,1008258072.19888,304.609,5.12
2023-07-19,29848.03227,5.79709e+11,13152758553,1897.19911264464,227853365302.588,9120475118.90744,25.5261763889546,10269805534.1525,690701365.242011,304.609,5.12
2023-07-20,29919.87484,5.81327e+11,8545620844,1889.22380555177,227127167868.429,8894957096.35151,26.3533116846534,10633423774.8434,591575595.453629,304.609,5.12
2023-07-21,29787.04153,5.79309e+11,11117456853,1891.01450545894,227484313829.408,11204166583.0618,25.3350693194684,10227156125.3049,586428471.61985,304.609,5.12
2023-07-22,29914.68273,5.81398e+11,8492627981,1891.47240282668,227467577018.698,6309767940.4475,25.5895099951443,10346698670.5092,426785949.927387,304.609,5.12
2023-07-23,29710.15594,5.77069e+11,6745541065,1858.31119580831,223308803225.045,5837098870.77548,24.4567846846393,9872947825.24115,325886121.216082,304.609,5.12
2023-07-24,30057.95672,5.84297e+11,7427606999,1887.82698085698,226861079166.832,6531824636.5137,24.7737035054758,10018814299.1621,345569811.436416,304.609,5.12
2023-07-25,29184.90191,5.67052e+11,15195244951,1850.4311505875,222318417477.211,9438614856.62468,23.4226335711796,9455689036.35459,517091585.371058,304.609,5.12
2023-07-26,29222.97463,5.68019e+11,7929844775,1857.59659274703,223476900309.931,4329972807.86323,23.2677166295408,9395875459.49248,362056307.62914,304.609,5.12
2023-07-27,29363.67291,5.70532e+11,13088677750,1871.5331057115,224855185617.989,7307465774.97681,25.1519878372353,10171319431.2827,682755887.442728,304.609,5.12
2023-07-28,29200.244,5.67709e+11,9047649540,1858.77702138144,223413249190.379,6626220422.96973,25.0934880536794,10151894149.3119,493788462.554821,304.609,5.12
2023-07-29,29314.09739,5.69952e+11,7682754827,1874.69399507607,225320465659.746,4775263924.22337,24.8258039706208,10051629238.6129,354454914.962189,304.609,5.12
2023-07-30,29356.74775,5.70805e+11,4882536541,1880.91807652994,226074318965.13,2990426323.77148,25.1650479698977,10178962394.3753,266002736.550537,304.609,5.12
2023-07-31,29277.75581,5.69136e+11,7872881637,1861.86990979321,223813641443.304,5791342964.54556,24.2667843591767,9816173591.43262,354202895.003404,304.609,5.12
2023-08-01,29233.13637,5.68334e+11,6641808341,1857.27619576285,223177200443.953,6106091989.30773,23.7566587795237,9604285334.63887,401006374.00083,306.082,5.33
2023-08-02,29537.10975,5.72409e+11,15289922841,1869.74510866799,225952018918.582,8990773317.29878,23.9255465585308,9663629338.74614,433930052.937058,306.082,5.33
2023-08-03,29146.63627,5.67075e+11,19266318894,1838.01195187603,220936460217.745,8178850227.51026,23.1348126640805,9376125922.1032,426945357.689843,306.082,5.33
2023-08-04,29176.1506,5.67941e+11,12539132810,1835.70130267529,220768212248.912,5908647350.66714,22.6544519354694,9178003135.36684,375514604.634775,306.082,5.33
2023-08-05,29087.93809,5.65073e+11,12112869086,1828.46119377611,219476177802.698,6229669774.68968,22.8099203211263,9237548520.05844,387384158.179049,306.082,5.33
2023-08-06,29046.80046,5.6497e+11,5335308729,1835.07057784219,220487019493.589,2952349825.88536,22.6250918655825,9155491618.92943,256370671.060097,306.082,5.33
2023-08-07,29044.20438,5.64948e+11,5360283576,1826.70677927022,219533986979.751,2992818475.64569,23.1603115141516,9384285772.43775,338171013.510816,306.082,5.33
2023-08-08,29178.14775,5.67529e+11,13252185122,1826.93348557305,219422824381.994,7660232552.6422,23.052000179505,9344630841.91384,386012925.762202,306.082,5.33
2023-08-09,29779.56167,5.79214e+11,14603570419,1856.84414451204,223111331723.639,7498117030.73775,24.2038168249174,9819635413.27439,561549883.411098,306.082,5.33
2023-08-10,29585.48808,5.75535e+11,14633310097,1855.89072732665,222992437544.133,6010104016.05527,24.3846102507559,9894698836.09135,458039680.487409,306.082,5.33
2023-08-11,29423.81892,5.72414e+11,8106253519,1850.87698869935,222411268370.896,3733537744.90274,24.6188732106092,9982518848.59818,352124557.445486,306.082,5.33
2023-08-12,29396.84797,5.71977e+11,4651950358,1847.54183511432,222019374228.765,3694816570.96237,24.5798098637684,9969763672.69248,337807060.843938,306.082,5.33
2023-08-13,29412.14227,5.72258e+11,3994297895,1848.5052386561,222069758272.727,2215986526.70165,24.8918190669841,10095650763.6494,277306903.122498,306.082,5.33
2023-08-14,29284.96971,5.69687e+11,4755220449,1839.51280954221,220948326523.334,3642424563.74061,24.2232940079015,9839554742.68949,278182091.444864,306.082,5.33
2023-08-15,29400.5868,5.72243e+11,12408355477,1843.51339100535,221564238004.309,4495324729.87139,25.1477248765289,10211324982.8365,388025853.451112,306.082,5.33
2023-08-16,29170.4904,5.67498e+11,11523395158,1826.91312815946,219472776850.512,4416612452.11406,23.8756413183758,9697572470.8206,452521516.469082,306.082,5.33
2023-08-17,28754.19702,5.59983e+11,14809979642,1809.4604742643,217444475880.384,6472231164.68925,22.8463677002859,9300306072.04639,495294920.818723,306.082,5.33
2023-08-18,26501.58727,5.16027e+11,29965585683,1675.86217094578,201482976932.078,20962774898.1042,21.6469618026999,8833375790.37642,656412528.18237,306.082,5.33
2023-08-19,26042.83826,5.06816e+11,18062351746,1660.67910953028,199322878932.425,11856910739.7349,21.3301962404807,8681695608.57574,412220153.690789,306.082,5.33
2023-08-20,26104.77863,5.08088e+11,3355038749,1669.23345480833,200676423059.471,8226872103.1197,21.8783302393166,8915137095.35921,254181454.346255,306.082,5.33
2023-08-21,26160.70042,5.09079e+11,8304370132,1682.46182514093,202267391138.312,6156816706.79554,21.7475371008377,8865949897.07733,199999876.152217,306.082,5.33
2023-08-22,26119.00596,5.08492e+11,9377753161,1666.84046549851,200439393151.864,6712093708.84287,21.202109146445,8654520275.40761,350405754.293505,306.082,5.33
2023-08-23,26033.67541,5.06356e+11,13702941053,1635.1912941373,196541301460.123,10108448994.6869,20.5538920563558,8370856986.38525,424951194.909335,306.082,5.33
2023-08-24,26450.00862,5.14956e+11,14600566342,1679.12399349192,201763902449.851,10823959050.7092,21.6725585274502,8838275066.48441,427963737.73245,306.082,5.33
2023-08-25,26134.93425,5.08907e+11,11961319631,1658.39965388514,199312028651.973,6850697254.40282,21.0261520190875,8571674305.07657,333451385.731925,306.082,5.33
2023-08-26,26044.03621,5.07008e+11,2582213806,1653.42931965731,198709215180.568,7030468153.06751,20.3928345335963,8310249527.2624,282555497.36794,306.082,5.33
2023-08-27,26002.01572,5.06086e+11,3420999388,1645.90499967943,197789939427.443,2322940231.92341,20.2738152710406,8261560411.31751,152284092.624501,306.082,5.33
2023-08-28,26082.71718,5.07836e+11,4743752357,1656.93105847729,199214693241.658,2572900593.82545,20.7811871387117,8479951511.88424,188402423.450912,306.082,5.33
2023-08-29,26109.26982,5.08351e+11,9995933796,1653.19856616146,198642500829.773,4779399186.37788,20.5625401375754,8388087449.84801,220500272.411209,306.082,5.33
2023-08-30,27730.50374,5.39045e+11,29462388819,1730.19025787625,207724452339.737,15798207852.362,21.7568898201826,8863938813.8447,532103194.018343,306.082,5.33
2023-08-31,27297.26144,5.31729e+11,16029914124,1705.10810322581,205067943948.681,7523425414.67164,20.8409388929925,8515043630.64439,325877638.44828,306.082,5.33
2023-09-01,25927.41701,5.05403e+11,20360682650,1645.18152541669,197803774139.338,11279510278.9837,19.7311860218694,8053897659.79257,400346096.905985,307.276,5.33
2023-09-02,25812.33049,5.02688e+11,15924588669,1630.60589049993,196004320566.439,9227778945.88749,19.3393875411297,7901833889.25332,315356701.079555,307.276,5.33
2023-09-03,25853.65684,5.0368e+11,8203515573,1636.16219895634,196740112479.695,3262521603.90872,19.4685429396866,7955183284.39182,211960136.356651,307.276,5.33
2023-09-04,25959.59631,5.05513e+11,8301138495,1635.40304311346,196612298871.421,4542394704.48258,19.5763900633494,8013423697.40146,180893228.875713,307.276,5.33
2023-09-05,25829.36477,5.02409e+11,6700578092,1630.62754666786,195725018396.248,5906286578.07362,19.4919058282352,7962785355.88049,252214726.68621,307.276,5.33
2023-09-06,25784.41352,5.01979e+11,7633735597,1633.07700385727,196210323898.264,6218544481.16628,20.2704623837228,8282664538.7332,411485050.061683,307.276,5.33
2023-09-07,25752.95842,5.01615e+11,12225427271,1632.90241634635,196288430172.856,7246472222.52193,19.6250344316635,8025176936.50991,337212061.346141,307.276,5.33
2023-09-08,26192.33343,5.09838e+11,4521997781,1646.30508272779,197814700367.666,6834398037.67784,19.8878865047608,8138224259.18259,268560276.556372,307.276,5.33
2023-09-09,25907.22814,5.04533e+11,8058794339,1636.35425859319,196733382406.691,7077406725.09963,19.5959849971446,8024651915.70903,241627736.940509,307.276,5.33
2023-09-10,25889.32501,5.04374e+11,404806432.5,1634.44594629371,196524550291.269,2588492462.72367,19.4404797795305,7988672928.15775,113878317.543212,307.276,5.33
2023-09-11,25834.5801,5.0349e+11,6603006234,1617.48617958474,194563248123.996,6682429116.84848,18.2415599829556,7496074227.31541,555163596.922411,307.276,5.33
2023-09-12,25133.30311,4.89503e+11,14859931201,1549.89342315929,186283839916.626,12284774715.4932,17.7051298642716,7268358215.03846,400434707.377618,307.276,5.33
2023-09-13,25866.80666,5.03998e+11,16825266473,1594.97450139353,191687080858.33,11290460280.9773,17.9444461835529,7368626584.27152,389593246.320708,307.276,5.33
2023-09-14,26223.43608,5.10909e+11,12975855576,1607.73669703968,193243620018.562,7824745808.13792,18.4035733514274,7551673475.28274,390062108.024304,307.276,5.33
2023-09-15,26531.39557,5.16824e+11,11739428177,1626.43634068695,195463813946.392,8399894536.86165,18.8299005923459,7743475445.81502,369004294.787069,307.276,5.33
2023-09-16,26634.63103,5.18872e+11,9768889420,1641.93475828422,197321595722.872,6794504241.69876,19.173121827008,7883263120.70034,220573537.500078,307.276,5.33
2023-09-17,26557.76869,5.17397e+11,1224363672,1634.41988499909,196489101206.889,4301244951.2696,19.1269027936349,7864717942.88594,148168222.598194,307.276,5.33
2023-09-18,26520.98825,5.16614e+11,5791146184,1622.47877705834,194894815433.293,4510503165.41927,18.8031128183742,7720289269.96443,124252102.722476,307.276,5.33
2023-09-19,26741.46111,5.21347e+11,16477839825,1636.63460899146,196866517080.992,9941458718.14968,19.640147030717,8081231238.22347,352014217.123325,307.276,5.33
2023-09-20,27219.29687,5.30358e+11,12615959842,1643.69841825706,197579394306.666,7059055142.62099,20.0420987343139,8242770208.20975,290189000.341491,307.276,5.33
2023-09-21,27115.84645,5.29169e+11,13497179077,1621.53295529217,195238284476.489,8720556237.90573,20.2872478955042,8357683264.67629,262866309.897476,307.276,5.33
2023-09-22,26561.13345,5.17744e+11,8169328791,1583.8242470066,190533550315.612,8689409317.93879,19.4701176914012,8032276838.13236,292386180.043269,307.276,5.33
2023-09-23,26572.03811,5.18384e+11,9968041759,1593.47015355046,191671036661.162,5032536233.34579,19.4377265155927,8027260379.11194,202514150.673402,307.276,5.33
2023-09-24,26573.92348,5.17968e+11,6583511186,1593.17997443579,191463785607.091,2737157669.6741,19.4711641503606,8029339259.55222,118397178.495843,307.276,5.33
2023-09-25,26249.5629,5.11788e+11,7226298594,1580.47779458637,190012572341.6,4019151198.25099,19.3517520660497,7984839330.18449,127718771.416551,307.276,5.33
2023-09-26,26298.63468,5.12103e+11,11974957450,1588.4711834402,190754565038.935,5882822941.20384,19.3948810508207,8001387575.22216,185810718.580443,307.276,5.33
2023-09-27,26204.75759,5.11054e+11,9786025048,1592.48612561872,191614654068.446,4739690827.75323,19.0170870177374,7853875935.40295,206867879.921167,307.276,5.33
2023-09-28,26350.1469,5.13714e+11,12889674588,1597.4168102615,192175393181.755,5727217120.03147,19.1278652942215,7889113032.33997,240306166.066284,307.276,5.33
2023-09-29,27009.01375,5.26918e+11,16683207555,1652.19639653543,198707180238.385,13122144914.1209,19.9462032971911,8237778276.82828,292672977.976746,307.276,5.33
2023-09-30,26917.1991,5.24947e+11,9059145545,1667.98884877096,200591326138.499,11095088769.9932,20.2941613640079,8380719360.27123,261043004.352698,307.276,5.33
2023-10-01,26969.87614,5.25936e+11,6295435108,1670.99895575715,200867042112.705,5460542606.65027,21.387052432957,8834603606.72022,378177852.704204,307.696,5.33
2023-10-02,27967.51058,5.45302e+11,9358226524,1733.8180349157,208616290407.598,8645520966.51385,23.881496310529,9910925871.88126,718136084.240981,307.696,5.33
2023-10-03,27615.06489,5.38323e+11,18127133424,1665.27642511067,200172602294.214,14431074410.0019,23.4099467552849,9664238003.25937,761548241.073746,307.696,5.33
2023-10-04,27439.12195,5.35606e+11,12676657038,1656.32200307225,199352909263.55,7250285380.42555,23.5466365688675,9737914093.265,741310161.212901,307.696,5.33
2023-10-05,27792.11128,5.41955e+11,10876597601,1648.19337252811,198232748756.177,8175156481.92512,23.1427902372125,9569979650.53122,493664590.501557,307.696,5.33
2023-10-06,27435.87462,5.34852e+11,13376186563,1612.99488924673,193905617404.48,8787267282.12795,22.7199169733894,9392479523.67397,397587747.142302,307.696,5.33
2023-10-07,27958.19644,5.45155e+11,13817979025,1646.39340229289,197904394911.01,8345308634.79077,23.4316379546707,9685255629.7511,496792045.696396,307.696,5.33
2023-10-08,27977.54349,5.4562e+11,7226218925,1635.08285524898,196552291634.253,3685199369.82991,23.2938202935606,9647364228.42113,318412075.877684,307.696,5.33
2023-10-09,27948.10365,5.4499e+11,7141598447,1634.22165514827,196420396270.572,5142739595.52526,23.2491666944779,9627275562.37283,235111764.894525,307.696,5.33
2023-10-10,27593.78253,5.38283e+11,7640029989,1580.17776048535,190023356509.718,10498003428.2604,22.1114463619188,9168609907.05821,400926255.717463,307.696,5.33
2023-10-11,27392.2477,5.352e+11,10151720984,1567.4582264893,188607402750.236,8495369532.83957,22.1070809742593,9168430059.58913,273654373.854385,307.696,5.33
2023-10-12,26842.19044,5.23656e+11,14608441296,1564.9162030441,188207961818.069,8015939736.17274,21.9609723102201,9129830090.47877,316248781.166709,307.696,5.33
2023-10-13,26729.13721,5.21608e+11,10867640259,1536.81280470838,184921581767.458,9246820572.20174,21.265440112263,8859183055.63427,314816782.18667,307.696,5.33
2023-10-14,26841.13622,5.23656e+11,14344414896,1550.96687299566,186499171781.45,7362297687.28447,21.8264737601648,9083240237.42736,310146737.389908,307.696,5.33
2023-10-15,26863.18357,5.23979e+11,5543160607,1555.45620793373,187282206956.706,3481897793.49442,22.0045661434638,9161744653.18189,202215869.990823,307.696,5.33
2023-10-16,27150.297,5.29643e+11,6604845643,1557.76080924833,187396158882.852,4201310278.82714,21.9162317002487,9125622303.79429,204660747.353155,307.696,5.33
2023-10-17,28513.30993,5.55339e+11,22792799562,1601.23218964266,192317986892.359,14887178566.9693,23.981381940493,10055584865.0757,806897436.554865,307.696,5.33
2023-10-18,28417.72175,5.55003e+11,10403248077,1565.06058772406,188245637231.077,7529155375.24033,23.9710561177379,9983521264.63967,581667581.401558,307.696,5.33
2023-10-19,28328.2452,5.53311e+11,13461030458,1564.07118720171,188182177984.694,7161437899.83414,23.4340577849691,9758507265.81826,429121366.313451,307.696,5.33
2023-10-20,28715.74814,5.59364e+11,11193923144,1568.37468334519,188300682203.616,8131899029.01031,24.9426766559206,10349453104.808,770082609.250417,307.696,5.33
2023-10-21,29677.39289,5.79537e+11,23561406298,1603.90993559678,192964601205.16,10739505720.0575,27.0345579054255,11290615048.6763,1036997952.88131,307.696,5.33
2023-10-22,29920.07449,5.8372e+11,7452489477,1629.29552934174,195866648537.691,6818675335.58214,29.355573342374,12239407592.0263,1290662076.65856,307.696,5.33
2023-10-23,30019.3805,5.83399e+11,11330304246,1664.57063809393,197491207720.223,8470836764.50147,29.0213870428822,12075671557.5967,768780749.308091,307.696,5.33
2023-10-24,32953.26276,6.41535e+11,35558857925,1764.9303085804,212527885674.17,23272549997.8258,31.7365832716823,13367364108.9135,1754698377.24231,307.696,5.33
2023-10-25,33846.72426,6.60676e+11,46464714676,1784.77341098858,214740097898.559,28137390855.3538,30.1339949256516,12604514716.6856,1555849834.63267,307.696,5.33
2023-10-26,34471.98603,6.73949e+11,23840463172,1785.55514909749,214935538924.011,15647597829.5448,32.4053230879038,13543276725.7763,1583606743.08273,307.696,5.33
2023-10-27,34174.45155,6.67402e+11,17712548550,1804.16176913846,216879040348.276,19864145386.3649,32.7143171317999,13696100439.0317,1151811976.683,307.696,5.33
2023-10-28,33899.09306,6.6212e+11,14148818689,1780.57041186229,214351226094.453,12329788100.9648,31.7654344309784,13322929646.1057,991685345.908979,307.696,5.33
2023-10-29,34092.63093,6.65893e+11,8431785275,1776.35356583453,213698048381.159,5385051173.59062,31.6468076664809,13270979228.9272,452735014.943272,307.696,5.33
2023-10-30,34556.24281,6.74294e+11,10359013389,1798.16541354551,215950565096.183,6733870972.01141,32.8160105203267,13747282667.7837,597456716.065283,307.696,5.33
2023-10-31,34498.70392,6.73508e+11,17075173424,1809.63930134505,217544224998.033,12283936341.0518,34.9569930142144,14656591733.2238,1159874552.38919,307.696,5.33
2023-11-01,34672.28928,6.7632e+11,16419150929,1816.80314892995,218052557576.099,10712345068.7021,38.4816473074476,16146331428.9995,1785301823.91983,308.148,5.33
2023-11-02,35457.45491,6.92544e+11,18642295525,1846.48223051347,222024443887.9,18025272109.6706,41.4142082751614,17362282922.6669,3959223018.90317,308.148,5.33
2023-11-03,34924.05545,6.8156e+11,20690186422,1800.90717988063,216775540617.155,15441869609.9999,40.1460335940692,16915834782.7672,2642794307.65133,308.148,5.33
2023-11-04,34731.38137,6.77974e+11,17254049537,1834.17305670564,220418913057.446,12992122083.5589,39.5175975131569,16590657428.3014,1711810105.76966,308.148,5.33
2023-11-05,35048.40783,6.85385e+11,10001404423,1855.45438527621,223507407757.974,8686638673.41189,42.2472396730225,17774131285.1139,1481652151.36951,308.148,5.33
2023-11-06,35061.92875,6.84647e+11,12796779678,1895.93806600742,227772620755.098,12950158459.8088,41.2430359717058,17327989797.5177,875312405.709535,308.148,5.33
2023-11-07,35031.26888,6.83644e+11,12717348150,1898.51822558442,228021051988.99,12499005108.4825,42.0935407488896,17633401515.6165,1060320191.95642,308.148,5.33
2023-11-08,35436.53763,6.91661e+11,18582602380,1887.31532184338,226838264619.026,16015418080.2533,43.1099204016047,18118371837.2499,1827584301.67423,308.148,5.33
2023-11-09,35795.08063,6.99188e+11,14717120833,1891.49177913715,227339109898.111,11363875212.3791,43.249257478686,18224254869.0677,1063279033.41845,308.148,5.33
2023-11-10,36768.42082,7.17022e+11,38190964507,2128.60950394386,255606798758.679,43401498655.1456,45.3580543334994,19039251761.5496,2968223146.23027,308.148,5.33
2023-11-11,37344.249,7.30761e+11,23152060053,2078.85346630406,250188481452.512,25647329729.0747,56.6727517430136,23890974567.1827,3690042341.76042,308.148,5.33
2023-11-12,37122.72282,7.20324e+11,12033297220,2052.99458606375,246828307403.769,14070951950.6624,56.4696915099038,23802514066.2635,4048826273.47319,308.148,5.33
2023-11-13,37067.69698,7.25017e+11,8831221164,2046.08707997355,246086372437.434,9202824690.86152,55.963015421724,23626834466.2728,2834634629.09376,308.148,5.33
2023-11-14,36549.16205,7.14263e+11,18041088204,2060.53285613569,248110456054.529,21731324925.7315,52.210161268458,22071829319.8593,2938768160.6218,308.148,5.33
2023-11-15,35545.20143,6.94845e+11,22330924588,1980.51543062524,238322049371.814,21308023194.0143,56.8472439956344,24025150540.4589,3136578714.75117,308.148,5.33
2023-11-16,37903.66245,7.39216e+11,28479730068,2061.63553225306,247252247163.206,22504704552.2476,65.4211824974084,27523565135.2852,3841779027.46675,308.148,5.33
2023-11-17,36201.51611,7.07489e+11,12023334732,1962.24383958989,235765269163.398,23688548271.2607,57.8593654962342,24454321066.8491,3893498754.70186,308.148,5.33
2023-11-18,36527.76023,7.14652e+11,22683923624,1956.51743211661,235552986140.536,21074972017.7119,58.0874990624807,24667662889.708,3253569217.71195,308.148,5.33
2023-11-19,36582.36844,7.15118e+11,8877846889,1962.6305661102,236086751710.859,13274234821.2048,58.4378510483752,24711969043.5607,2007825165.79456,308.148,5.33
2023-11-20,37413.99461,7.32522e+11,12599067948,2011.12672106353,242034207822.162,11281190664.8558,61.4682208972665,26038968868.9072,2011969090.89352,308.148,5.33
2023-11-21,37489.29847,7.32673e+11,16005284775,2022.38814753725,243006229904.031,16799253254.2762,56.3875612247962,23837278052.1504,2046131779.79693,308.148,5.33
2023-11-22,35965.36036,7.02706e+11,18891503535,1940.4448103653,233744228838.175,20758981846.6292,52.0384714424367,22095435188.7895,2457528360.21582,308.148,5.33
2023-11-23,37464.83293,7.3226e+11,25245202377,2065.9414413104,248555178589.687,25168416335.3478,57.639854890594,24392491443.2062,2055159909.05054,308.148,5.33
2023-11-24,37293.31613,7.28817e+11,11956046627,2062.26955185786,247876188093.78,13614279337.4883,56.6256819382833,23970546237.5158,1373270432.8622,308.148,5.33
2023-11-25,37738.9317,7.37614e+11,22996708652,2080.85175751835,250091072371.211,20665503027.7334,56.8730581516487,24061449315.6171,1165085857.18323,308.148,5.33
2023-11-26,37809.85287,7.39537e+11,7505379785,2085.42662154002,250789193104.935,6530490765.97206,58.8131966525516,24902981174.6934,1170624892.2945,308.148,5.33
2023-11-27,37491.83819,7.33377e+11,10229112671,2064.07421816553,248377596959.205,12075707002.7392,57.6556304145108,24415212865.3352,905466988.454869,308.148,5.33
2023-11-28,37250.16905,7.2804e+11,17979133248,2030.00050581186,243720423942.894,19226881871.1483,55.12228632635,23317839078.34,1272604084.60664,308.148,5.33
2023-11-29,37802.23604,7.38817e+11,19715537241,2048.53525665258,246262800348.073,16424574534.7098,58.2165083802663,24600212078.5386,1455818631.35822,308.148,5.33
2023-11-30,37810.34642,7.40495e+11,20964545195,2025.9373276989,244001473817.266,13099062740.8572,59.1323840737916,25088888782.5408,2011099344.80005,308.148,5.33
2023-12-01,37711.81838,7.3766e+11,16566770728,2051.7567179447,246848217845.146,11625915810.9023,59.1799871798552,25108803752.0867,1302914768.22705,308.741,5.33
2023-12-02,38688.25874,7.56249e+11,24470176252,2085.71236132094,250640652575.932,19913080652.2742,59.8235848624539,25352598328.429,1458566131.32025,308.741,5.33
2023-12-03,39481.66642,7.71835e+11,14892418344,2165.2978809514,260240551667.019,14460351398.3905,63.541888419255,26881444684.9296,1384599876.70009,308.741,5.33
2023-12-04,39960.27542,7.82845e+11,14107800649,2190.70404036971,263980793708.908,13166580462.9591,63.0169956421846,26766190167.2517,1376347106.67569,308.741,5.33
2023-12-05,41974.33177,8.20527e+11,40273974905,2242.96154267748,269584983992.846,30345337042.0041,61.5512592955997,26112261419.9807,2239941715.41758,308.741,5.33
2023-12-06,44105.94477,8.63172e+11,37740677040,2294.09516985341,275703016277.704,28729334531.5949,60.9025608945616,25906943014.6285,1689507437.56829,308.741,5.33
2023-12-07,43788.28881,8.57038e+11,30306637688,2232.02544021046,268795534917.095,21223942410.3648,62.2320445329653,26519800255.0847,3018024425.37819,308.741,5.33
2023-12-08,43270.11956,8.48246e+11,27712048105,2354.38693094609,283213143190.721,25387351572.1928,67.6938646053505,28837571556.7539,3087225477.75673,308.741,5.33
2023-12-09,44202.17611,8.63243e+11,24726661393,2359.88905648333,283054038646.358,20568283522.9477,74.8421640157675,31939635291.867,3651681520.08263,308.741,5.33
2023-12-10,43745.49199,8.55611e+11,17074228506,2341.07248115182,281067496144.666,15387242081.0736,72.4222240651807,30868914479.5469,2990090048.52112,308.741,5.33
2023-12-11,43757.95994,8.56193e+11,11865167562,2352.09872848892,282723216106.469,10817893038.0425,74.4235798131012,31639909291.5683,1933934506.77955,308.741,5.33
2023-12-12,41200.96273,8.06178e+11,39734542164,2222.34683840003,267009290987.558,18600214563.3422,70.2024155947435,29912836736.9238,3839992454.6821,308.741,5.33
2023-12-13,41450.81939,8.12055e+11,24919333991,2200.33371618087,264706953102.88,11775411206.2007,68.529238710751,29261837474.9589,2426662308.19191,308.741,5.33
2023-12-14,42931.76183,8.40113e+11,26301358636,2260.88235257511,271717710927.894,17312498671.8154,70.7383965288698,30236312485.347,2532486875.04915,308.741,5.33
2023-12-15,43009.59546,8.41401e+11,22978695605,2317.4650743737,278468385078.286,18515638424.0283,75.6558880085707,32382885128.1465,2496513420.51954,308.741,5.33
2023-12-16,41992.01419,8.21883e+11,17134765249,2219.95161787641,267126085639.796,15188397489.4452,72.6181438276216,31160870071.5125,2696772682.74424,308.741,5.33
2023-12-17,42247.06788,8.25747e+11,13524832238,2227.93644713548,267401843617.07,8454757543.52423,73.3895965701486,31406371759.6506,1841818464.18713,308.741,5.33
2023-12-18,41410.81963,8.10534e+11,16536428696,2199.54012118839,264433892856.223,8867828029.60357,71.0930461253253,30373366926.6572,1557234022.87549,308.741,5.33
2023-12-19,42684.18255,8.34758e+11,26473040427,2216.92901356349,266320508900.256,14071140889.31,74.3409271176811,31797760802.781,2363667921.63805,308.741,5.33
2023-12-20,42250.20618,8.27483e+11,23402523668,2176.83941265744,261622480885.403,15258004716.3094,72.6114499114175,31049007031.4802,1948577967.42886,308.741,5.33
2023-12-21,43634.12417,8.54174e+11,28334648886,2198.42140446054,264119934496.617,19155737312.5646,82.0985259023174,35036559621.0499,3820149653.39889,308.741,5.33
2023-12-22,43849.6996,8.58312e+11,21948638203,2236.18696175328,268661930922.998,19466743544.9958,93.9380764889941,40139662988.8313,4904778953.56353,308.741,5.33
2023-12-23,44003.69602,8.61823e+11,20833936535,2327.04896271153,279870641392.992,23783915985.9762,98.078002241227,41936984906.3087,5239342313.7931,308.741,5.33
2023-12-24,43752.03088,8.5685e+11,9872050976,2310.95566299827,278079278701.177,9758407679.07541,107.639817174214,46067150224.3663,3932338834.6761,308.741,5.33
2023-12-25,43034.97106,8.45029e+11,18313974070,2264.91114367166,272522653481.917,12635088285.6455,112.448358435019,48130186348.9392,6224138352.72656,308.741,5.33
2023-12-26,43638.2363,8.54525e+11,18744716867,2273.63261211465,273465660867.211,11373112598.881,121.446593256312,51905964256.0344,5738514622.25575,308.741,5.33
2023-12-27,42516.42694,8.32472e+11,20477744540,2230.87618439578,268089393468.351,15654849177.2003,112.325516050465,47816051843.2759,4346114224.03926,308.741,5.33
2023-12-28,43418.46778,8.49194e+11,23244754807,2376.77124928419,285529301721.87,25167308054.852,106.977054142925,45769688224.7666,4238903992.19439,308.741,5.33
2023-12-29,42600.65063,8.36073e+11,20336573644,2345.26070874469,282759891474.445,21940267876.9896,102.253824761755,43945886274.362,4586529583.39568,308.741,5.33
2023-12-30,42074.70716,8.22934e+11,24832397519,2299.52620727526,275996795853.598,18135119123.5055,106.25256071597,45547782244.2737,4343029162.30051,308.741,5.33
2023-12-31,42220.6114,8.26609e+11,14727224645,2294.3440063451,275712397143.16,13896242967.9025,101.988835398128,43785435164.6565,1833433846.92728,308.741,5.33
2024-01-01,42208.20218,8.27596e+11,14183728910,2279.94100856896,274292310008.218,6715146404.60872,101.333178378456,43557642382.9105,1774875786.51459,309.698,5.33
2024-01-02,44168.68119,8.63805e+11,16958999498,2350.02628600851,282101525979.497,9173151405.889,109.4440816286,47006338489.2849,2214023277.94357,309.698,5.33
2024-01-03,44994.67389,8.78395e+11,39089952716,2360.78211958909,282763246110.959,20590257636.0984,106.66317351274,45770111069.18,3809986338.18495,309.698,5.33
2024-01-04,42821.55899,8.38208e+11,43146162598,2211.17082786388,265547288684.823,34451776444.0568,98.618625629318,42416625922.3214,5263410468.58105,309.698,5.33
2024-01-05,44195.57856,8.66353e+11,26123887043,2270.97743933373,273109328387.361,18341104523.0193,104.84078151704,45108341841.752,3262980619.2065,309.698,5.33
2024-01-06,44113.69973,8.63691e+11,29364675804,2267.08703548466,271936377917.223,18739484389.9462,99.7952778145258,43005412146.868,2955669961.82839,309.698,5.33
2024-01-07,43956.12072,8.61211e+11,11841102132,2241.51082700424,269489631471.887,8619189687.82148,93.6759583057333,40341046148.6674,2220640084.56686,309.698,5.33
2024-01-08,43883.74388,8.56926e+11,15144653805,2220.15156168888,266240104433.81,10135753412.6711,88.9245461925663,38353496896.0117,2189403802.39005,309.698,5.33
2024-01-09,46936.18556,9.19667e+11,40821502384,2331.66032943564,280315688401.536,26223624729.1031,97.6587416916972,42169330331.7658,3950758921.47419,309.698,5.33
2024-01-10,46105.94608,9.02167e+11,39887918406,2341.1606242641,281144258787.487,21533561122.8547,98.7515137293353,42627288796.3956,3871179261.05221,309.698,5.33
2024-01-11,46632.31315,9.15259e+11,52030057181,2588.76916391914,310821894359.154,44008144956.9765,102.413481811144,44241372072.8443,3865165740.02479,309.698,5.33
2024-01-12,46314.35554,9.09846e+11,49198128806,2618.32986189649,315246203688.677,40605826834.7703,99.9859088020056,43224396745.5353,4022331019.561,309.698,5.33
2024-01-13,42893.92961,8.38384e+11,45913301456,2524.50169389124,302053601477.729,46082131081.8545,91.499749287468,39503238769.71,2734892250.26689,309.698,5.33
2024-01-14,42848.47452,8.39199e+11,19424747840,2575.92473543335,309464480794.196,23318906536.9494,95.6333472660396,41338579660.9387,1873558891.8758,309.698,5.33
2024-01-15,41800.93282,8.22907e+11,16968959097,2477.93747843077,298600912656.692,16820089427.8768,94.1186359105014,40910904033.306,2580600236.40785,309.698,5.33
2024-01-16,42587.33604,8.35226e+11,22634527324,2515.3199803937,302747945005.639,13348139613.1561,94.3967401642068,40853886226.5419,1779198447.04889,309.698,5.33
2024-01-17,43148.00164,8.45771e+11,22023116042,2589.48263163043,311194334965.718,18488915209.8631,97.5567642686222,42218185004.5439,1816203365.49351,309.698,5.33
2024-01-18,42713.85919,8.36988e+11,21299064875,2528.32878545194,303773198603.934,17068418335.9985,101.501259573175,43918459381.6917,3218955061.48338,309.698,5.33
2024-01-19,41261.3948,8.08846e+11,25160430945,2467.32897851373,296559270703.16,15098459635.775,94.2801318665448,40824171089.7021,2756021291.32331,309.698,5.33
2024-01-20,41600.94093,8.15242e+11,24407872955,2489.61806465338,299282759814.228,13514569417.2355,93.3252010560896,40338377669.2717,2760699292.43308,309.698,5.33
2024-01-21,41626.10711,8.17218e+11,9533488489,2470.26361510368,296860256191.25,4996301224.73112,92.5897640025591,40089978741.0072,1256377866.26736,309.698,5.33
2024-01-22,41541.89946,8.14709e+11,8032696834,2454.90954333983,295225509771.247,4334792607.36036,91.1623559089012,39512481021.4282,908792093.050099,309.698,5.33
2024-01-23,39504.73006,7.75021e+11,31202848830,2307.58700349877,277803770131.54,15106296459.0235,83.4362326095754,36111047577.46,2814098815.4519,309.698,5.33
2024-01-24,39833.45411,7.79133e+11,29683327703,2241.94277615534,269197026588.33,17683786156.3853,84.0977120463336,36311461849.3127,2987147103.19802,309.698,5.33
2024-01-25,40123.67106,7.86929e+11,22217129215,2236.73931309741,268773564276.827,10625253854.7699,88.9740379746837,38534021790.1431,2385029340.14634,309.698,5.33
2024-01-26,39938.28644,7.83181e+11,13376924613,2219.61452744592,266831912453.997,9966399827.60832,86.9833503824124,37657090256.5007,1905313727.43681,309.698,5.33
2024-01-27,41862.93561,8.2099e+11,22681602409,2268.87073150747,272427889718.482,10737037817.0342,92.3647514563321,39963699730.983,2146548098.73488,309.698,5.33
2024-01-28,42119.61049,8.26255e+11,10694258830,2267.90785175253,272538684736.382,4896940248.15328,94.0741862057114,40773572380.1545,1252486460.24259,309.698,5.33
2024-01-29,42026.57856,8.2424e+11,13669905345,2257.05446464561,271358148811.485,6994793950.05812,95.9665661884901,41598860413.2889,2522516027.4522,309.698,5.33
2024-01-30,43267.60928,8.49199e+11,20680322267,2314.59472753004,278333996261.62,8669925102.934,101.419996256624,44237194959.5456,2632528657.08934,309.698,5.33
2024-01-31,42892.03453,8.39294e+11,24526664209,2344.00140001965,281132447253.584,11126446197.7992,101.491122903764,44149841778.0482,3637727026.66596,309.698,5.33
2024-02-01,42583.26355,8.35421e+11,22197944957,2282.48586701584,274484617898.523,11853310774.4197,96.9317995100018,42259374417.2845,3873450832.209,310.967,5.33
2024-02-02,43069.04342,8.44585e+11,22443682769,2301.73729930867,276594158634.782,9678169139.51159,97.7900312409078,42590324375.0503,3016997024.08453,310.967,5.33
2024-02-03,43170.65856,8.46562e+11,18624791426,2307.43299848309,277280144884.458,7666446064.33212,100.465480631174,43811141503.4453,2624103346.48084,310.967,5.33
2024-02-04,42976.8483,8.42669e+11,7779819312,2294.71592480441,275659236415.458,4685406125.50743,97.7671380951331,42611107982.4897,1416764974.28617,310.967,5.33
2024-02-05,42599.35997,8.35416e+11,11250814654,2290.08449287709,275036393714.788,5694619446.57298,95.472109662347,41602993219.1009,1353636742.87525,310.967,5.33
2024-02-06,42648.45692,8.36631e+11,18682275992,2298.66990667428,276235426059.151,7987582984.02101,95.6680193380418,41727362697.0268,1933675388.16195,310.967,5.33
2024-02-07,43087.78741,8.45394e+11,17131113853,2372.76087873453,285135262492.345,10525807971.4023,96.9199953497071,42268993503.1014,1900368062.95798,310.967,5.33
2024-02-08,44247.41542,8.68672e+11,21200879625,2424.07304046521,291577099200.459,10632263734.8787,100.862019784994,44086978409.4382,1921482749.67607,310.967,5.33
2024-02-09,45338.27119,8.90468e+11,27709605138,2420.96856147914,291262614487.104,11000404082.5864,102.903668556528,44986092796.2371,2458956241.29915,310.967,5.33
2024-02-10,47143.24299,9.25542e+11,41993952311,2487.85089719678,299195541764.757,15268873489.396,107.034035922169,46821270307.6953,3256188126.60953,310.967,5.33
2024-02-11,47768.99525,9.38211e+11,16461159742,2499.49218415643,300386801746.037,6350552320.6436,108.991461433629,47626799918.999,1814393079.83351,310.967,5.33
2024-02-12,48189.88179,9.4558e+11,13196875461,2505.07680845392,300920593632.263,7498249910.85777,107.423812536141,46970508598.611,1459554075.70905,310.967,5.33
2024-02-13,50050.13609,9.81463e+11,37684440687,2657.99040797677,318954602301.216,15004272817.7565,112.03681818642,48881521826.9564,2920187526.72241,310.967,5.33
2024-02-14,49732.14537,9.74585e+11,37331081151,2641.53609749216,317202178157.969,20206467469.2559,112.599111648589,49200636584.9414,2874714544.05364,310.967,5.33
2024-02-15,51790.1693,1.0176e+12,41805076940,2780.37297490656,334517950729.34,23414613028.1741,116.976106556901,51223725720.3954,2490685229.57659,310.967,5.33
2024-02-16,51958.23029,1.02073e+12,31991869491,2826.82147585518,339786694521.584,25584981558.6244,113.599394251185,50054269103.93,2539535902.84163,310.967,5.33
2024-02-17,52166.43431,1.02402e+12,24850432118,2807.37170305396,337473828365.667,16920199808.888,110.501550568509,48713273174.4888,1882206888.83647,310.967,5.33
2024-02-18,51684.51749,1.01578e+12,19851884283,2788.56133249961,335189522076.687,18359069390.2139,108.928510231514,48116477499.5609,1366271024.68603,310.967,5.33
2024-02-19,52138.48579,1.02359e+12,17025880431,2874.94527604007,345342293610.926,24082010034.6887,112.215416349829,49474158579.0978,1551221254.06927,310.967,5.33
2024-02-20,51764.31319,1.01615e+12,22555121072,2943.72308477766,353799552082.867,16450190201.0229,111.278088590304,49013622667.0855,1984160421.2267,310.967,5.33
2024-02-21,52286.79373,1.02642e+12,34499627551,3015.43895206205,362259530911.227,22509955315.7533,108.564120843282,47893142417.9631,2872884276.40575,310.967,5.33
2024-02-22,51842.75677,1.01887e+12,30624246621,2977.08201668299,358396919523.13,20964306604.9657,105.342633817675,46454513229.8354,2737171219.28766,310.967,5.33
2024-02-23,51319.50013,1.00731e+12,23733644209,2974.13158613199,357231363983.111,20347103477.6133,102.041779652606,44975179369.5434,2309956159.57466,310.967,5.33
2024-02-24,50841.08109,9.9914e+11,22637679780,2926.28591290635,351923786349.86,14754511206.0542,100.091949370354,44207212470.2861,2027797244.33406,310.967,5.33
2024-02-25,51553.09671,1.01249e+12,15528276124,2988.31738406357,358958857165.633,11389585546.1959,104.188725902661,45956101626.7659,1441375083.18662,310.967,5.33
2024-02-26,51751.88405,1.01655e+12,15455098216,3113.40829828772,374096903874.858,15776617346.6876,103.438623964338,45607368722.2202,1203834614.70372,310.967,5.33
2024-02-27,54478.19108,1.07105e+12,35407941476,3173.62994683714,381265474877.384,20165329047.5457,109.845097402591,48479693900.7293,2465100722.61937,310.967,5.33
2024-02-28,57003.52674,1.11896e+12,51983799587,3242.04765382237,389432101336.153,23696521431.1139,108.176962630392,47818062228.1206,3541852280.44802,310.967,5.33
2024-02-29,62558.58202,1.22527e+12,87218855804,3380.80395554212,404949329424.754,36665804472.1971,117.430284137514,51987858810.8538,5694262625.2238,310.967,5.33
2024-03-01,61298.21686,1.20673e+12,67692687247,3347.69047242335,403025040377.094,31202875938.1403,125.681816762811,55782452212.2976,8070920258.11917,312.345,5.33
2024-03-02,62426.64053,1.22771e+12,36699193361,3431.75199772032,413003335539.605,18691101659.2702,130.047058623943,57670794534.9335,5400962583.21307,312.345,5.33
2024-03-03,62067.8668,1.21938e+12,25198213831,3421.89214692414,411127183431.904,13440796396.9898,129.881653249692,57526283521.3598,3090626520.3125,312.345,5.33
2024-03-04,63053.10544,1.23631e+12,27108369390,3487.19093186678,418233465071.67,15521857774.3261,130.306119719076,57634661052.9336,3362221535.23393,312.345,5.33
2024-03-05,68186.64593,1.33391e+12,74551714626,3634.3110675571,436264151585.769,30343202732.3447,133.323715550631,58905211978.4233,4456997733.50504,312.345,5.33
2024-03-06,64291.53656,1.26487e+12,96403762013,3581.53488490857,430091528234.332,48669816283.3896,126.391123396941,55994211147.8178,9474088055.62406,312.345,5.33
2024-03-07,66145.91928,1.29785e+12,73151905042,3822.36581815615,458288266056.326,39700333919.0569,130.667064190993,57750807855.9393,5149667738.28785,312.345,5.33
2024-03-08,66944.87639,1.31751e+12,48853892626,3861.90099901377,464203366204.09,25205795146.6228,144.105032565368,63894153486.635,7176946154.43218,312.345,5.33
2024-03-09,68315.25192,1.34097e+12,63346588227,3893.6138841967,467263068859.231,27874421858.8513,145.191461015094,64314627608.6862,5495476291.4809,312.345,5.33
2024-03-10,68508.00396,1.34603e+12,21359706191,3916.0411876991,470299637817.794,12069974984.5344,144.817148492914,64204155811.8728,2989788017.20951,312.345,5.33
2024-03-11,69075.66688,1.35739e+12,36660543917,3887.47310473329,466687383451.431,17287014475.1231,144.257715555962,63915400688.6656,3606621287.91423,312.345,5.33
2024-03-12,72130.55301,1.41777e+12,66653067166,4070.604074987,488931556413.243,32017734619.8982,148.793279352684,65982204368.1076,5948377808.48697,312.345,5.33
2024-03-13,71467.1735,1.40369e+12,64599341551,3978.68577137811,477282030875.5,29816123516.3522,150.729869271338,66773366688.3984,7152600912.42802,312.345,5.33
2024-03-14,73097.76703,1.43663e+12,51906601044,4007.91212607567,480989408310.424,24518272534.9769,163.625796532082,72573154800.3651,6106705185.80483,312.345,5.33
2024-03-15,71420.0318,1.40384e+12,63073551322,3879.03836664296,465517630856.354,27637220056.204,176.222999739648,77993881680.2228,9107864294.5244,312.345,5.33
2024-03-16,69497.76319,1.36767e+12,81204427005,3738.38118446206,449221029692.613,38514576896.8243,183.924283489086,81845073461.4935,14052203542.3043,312.345,5.33
2024-03-17,65292.31329,1.2824e+12,49265436013,3514.22247217816,422006707853.258,20314832749.482,180.801738421883,80284415527.0277,12283471205.3742,312.345,5.33
2024-03-18,68425.41566,1.34451e+12,47190980587,3643.28034737983,437397993876.365,22282396647.1768,202.518911857203,89815964680.7474,11964573089.4425,312.345,5.33
2024-03-19,67708.94361,1.33177e+12,51101822567,3525.89364067002,423582810891.409,24255010456.1767,196.345293424391,87207130383.4761,12536486966.0956,312.345,5.33
2024-03-20,62132.51738,1.22387e+12,80179417876,3171.29383663982,381561860658.142,37133280150.8351,169.597556296409,75621938582.8277,11941248034.6769,312.345,5.33
2024-03-21,67819.05571,1.33259e+12,70836803715,3515.68843185486,422699933046.073,42295137774.3478,191.441878113688,85004052599.3089,9142062431.25945,312.345,5.33
2024-03-22,65535.97845,1.28735e+12,48393664548,3493.43043877987,419250201097.878,24617005638.0784,179.554464408438,79806198240.2904,6102628997.71243,312.345,5.33
2024-03-23,63509.04497,1.24737e+12,42436600224,3322.89127732032,398004903397.517,22143063329.6029,173.45563634428,76738474078.0199,4530693846.29423,312.345,5.33
2024-03-24,64285.80279,1.26472e+12,25489933246,3353.37124153849,402787267255.35,13554704159.6354,173.453772641056,77052625363.6134,2950137170.12653,312.345,5.33
2024-03-25,67310.98327,1.32346e+12,28098318940,3454.25707138956,415227254119.21,12747604656.7229,184.02186416381,81893130320.228,2903673332.79557,312.345,5.33
2024-03-26,69938.9453,1.3718e+12,44820310273,3588.49340218929,429834400084.375,19900586068.6113,188.996854659033,83839327740.1315,4384505429.32972,312.345,5.33
2024-03-27,70082.05122,1.37573e+12,36257324509,3591.54852790284,430639202176.359,20094722140.1011,191.23614507447,84838706571.2534,4010909565.84501,312.345,5.33
2024-03-28,69435.7504,1.36026e+12,41441040888,3505.2181161827,419542828392.992,20203376602.2271,186.138943757484,82360081157.4574,4361858281.40802,312.345,5.33
2024-03-29,70710.19535,1.39087e+12,30455289338,3560.26151146781,427723174069.219,17254415551.733,189.574990612826,84248853020.7406,3248950673.72905,312.345,5.33
2024-03-30,69919.05546,1.37465e+12,25785951735,3516.09605762798,422181197071.796,13632549894.6883,192.027265856724,85315571281.6054,3453390013.97765,312.345,5.33
2024-03-31,69702.30875,1.37025e+12,16408802302,3507.66065594747,420903294887.955,10414010868.7678,194.481043564717,86396723742.6885,3155980892.52129,312.345,5.33
2024-04-01,71246.95144,1.40137e+12,19723005998,3644.7675987849,437709753307.895,10412761139.0685,202.814325362341,90107848570.0154,2561740240.23788,313.023,5.33
2024-04-02,69785.92504,1.37378e+12,36040088989,3508.24772010854,421860021837.671,17482844811.2577,192.725249895299,85854792170.6782,4161058168.32993,313.023,5.33
2024-04-03,65440.41923,1.28836e+12,45161133992,3274.90120354441,393781420276.966,23868370966.8937,181.44094341125,80782956311.5049,5007455901.95762,313.023,5.33
2024-04-04,66123.93854,1.30167e+12,35559952962,3316.68295467753,398415781571.003,16747190219.4489,185.51116280993,82629121371.8504,4556585967.64031,313.023,5.33
2024-04-05,68542.17715,1.34846e+12,37516850710,3332.08983661591,399925086690.543,14937774084.6223,183.821463165344,81675237331.0074,4485788181.90427,313.023,5.33
2024-04-06,67978.61023,1.33745e+12,35132808696,3320.28158898344,399471237820.519,16263669860.8198,175.168163412332,77960489740.0166,7594790232.57952,313.023,5.33
2024-04-07,69000.64992,1.35855e+12,19119438139,3362.83890750329,403433979836.342,8771021395.59551,178.959703556535,79571266962.5395,4990294576.8111,313.023,5.33
2024-04-08,69401.97361,1.36727e+12,17935478429,3453.43612617929,414896585077.977,9023927898.39398,179.582187497991,80125616078.5995,1994743993.58505,313.023,5.33
2024-04-09,71624.18486,1.41032e+12,33111949671,3695.23939114191,443574943819.121,17999535003.6393,180.642873445612,80535874865.2626,3098234371.45414,313.023,5.33
2024-04-10,69158.64381,1.36183e+12,36488482039,3503.6535996841,421250062703.588,18894649449.1242,172.546637423422,77044233758.3597,2989133750.67294,313.023,5.33
2024-04-11,70527.88998,1.38772e+12,38378062633,3539.76306406494,425100745638.698,18116500905.2949,173.121960644111,77185741544.099,3758881713.08274,313.023,5.33
2024-04-12,70106.66413,1.37932e+12,30118549150,3508.57849844864,421184318805.194,14665003517.9934,172.696159022231,77005624466.1977,3172488977.04317,313.023,5.33
2024-04-13,67252.10504,1.32165e+12,43471949726,3245.50059269832,389342347417.116,20300936214.3597,153.768281153554,68525412911.2077,5031415889.58694,313.023,5.33
2024-04-14,64404.82549,1.27001e+12,49214481480,3022.0057852476,363676686678.516,30855880984.66,140.181150632066,62699848804.0115,9822094693.76814,313.023,5.33
2024-04-15,65752.66005,1.29329e+12,40292911693,3157.6837658278,379419782687.942,26426482425.1437,151.546722389844,67806499914.9772,8511031376.89675,313.023,5.33
2024-04-16,63430.57146,1.24793e+12,42796604938,3101.19073567477,372249695864.178,23408068977.2251,138.413849093622,61710007812.6042,6284717504.94034,313.023,5.33
2024-04-17,63720.50159,1.25367e+12,42157169474,3083.70601476607,370234131392.066,19716139064.5393,136.416049171985,60978610966.5986,5769425609.62495,313.023,5.33
2024-04-18,61328.89799,1.20719e+12,41123362076,2982.6157347098,358157898515.817,18555883608.9019,132.531150826251,59211788810.437,5195973605.11486,313.023,5.33
2024-04-19,63461.5927,1.24957e+12,35901618166,3064.91159222943,368394773234.49,15776619346.3871,142.131716681347,63576116897.5102,4473576346.08096,313.023,5.33
2024-04-20,63988.81847,1.26331e+12,52227787324,3065.68256156591,368924952677.787,21398170387.2802,143.244966284253,64000098017.8167,6474741719.33693,313.023,5.33
2024-04-21,64894.41869,1.27794e+12,16601830591,3152.19150665195,378601475454.504,9245604715.54331,150.517092939881,67222429957.2681,3334931071.46768,313.023,5.33
2024-04-22,64936.42076,1.27976e+12,19592118541,3147.13775429932,377835271557.195,9264213264.25349,148.741463084198,66491092685.5148,2697656989.13553,313.023,5.33
2024-04-23,66841.66685,1.31706e+12,27748586313,3199.76958989407,384466906716.168,12101339610.341,156.992172139419,70249892398.8944,3462456696.35261,313.023,5.33
2024-04-24,66406.95244,1.30684e+12,23232230785,3218.96726864281,392775107740.513,11111254140.8891,154.693857744182,69275570262.2413,3123676555.2277,313.023,5.33
2024-04-25,64279.51813,1.26554e+12,30939903322,3138.8143570094,383068563917.342,14931662515.5293,147.745093188997,66011712440.5404,4398059368.57831,313.023,5.33
2024-04-26,64486.18336,1.26939e+12,24705345526,3157.61931748159,385360500023.015,14827151368.9026,144.987929222848,64868424520.2881,4244001061.94748,313.023,5.33
2024-04-27,63802.33005,1.25554e+12,23302057198,3131.41921974005,381832436730.793,11150981612.6112,139.259006735668,62238094836.1469,2954045955.29756,313.023,5.33
2024-04-28,63517.24874,1.2495e+12,19190483386,3259.25222276544,397162781507.14,12739849720.3551,141.581808817049,63319042460.1927,2641127907.4334,313.023,5.33
2024-04-29,63030.43362,1.24072e+12,16180294651,3259.50340425603,398637824441.876,10786187404.4556,137.717884711794,61615451344.7782,2093759582.37502,313.023,5.33
2024-04-30,63797.67964,1.25716e+12,27242983698,3213.68900049481,392350038771.612,15480798749.5137,137.671479636184,61596557366.2416,2710939729.91753,313.023,5.33
2024-05-01,60749.47209,1.19777e+12,39533113322,3018.54963587782,368786372970.944,19251155949.7518,127.03908309966,57068380747.4625,3949643280.48695,313.175,5.33
2024-05-02,58297.57408,1.15168e+12,51109380172,2976.0902075157,364276973974.753,22064350438.409,134.753621251331,60292554289.6104,4578078057.90046,313.175,5.33
2024-05-03,59135.17336,1.16472e+12,28255509745,2988.54864904527,358796765165.938,14175880226.4135,137.91564867101,61642176220.2379,4018763780.30427,313.175,5.33
2024-05-04,62839.34074,1.23982e+12,33591665812,3102.15129236566,373187731785.706,13929437694.6737,143.549872997489,64310515828.2099,3482326753.11634,313.175,5.33
2024-05-05,63820.4519,1.25755e+12,20510614461,3115.02332157301,374188248701.176,8430889402.25802,146.111043192365,65431940754.6071,3337411967.82134,313.175,5.33
2024-05-06,64010.00865,1.25967e+12,18115695040,3136.57511039041,376477227799.919,8027546635.92155,145.685712744664,65139241740.4,2258970970.90987,313.175,5.33
2024-05-07,63172.4813,1.24442e+12,17917770174,3064.59139956034,368312963227.34,13196102657.3694,152.654863396526,68319201227.6777,3129079486.53732,313.175,5.33
2024-05-08,62363.05719,1.22934e+12,19925137721,3015.15976961669,362686607634.315,11727252097.462,148.186977239665,66642348637.8841,3020806057.07787,313.175,5.33
2024-05-09,61215.50401,1.20392e+12,20303831135,2975.72696606529,357038251698.13,10555086522.408,142.516019770043,63778648967.7602,3002797158.53053,313.175,5.33
2024-05-10,63148.59994,1.24091e+12,25837724248,3038.34470466682,364426702625.022,10961137747.244,152.725547058077,68446070757.0076,2769016331.97548,313.175,5.33
2024-05-11,60888.21675,1.19939e+12,23987518755,2910.68450001747,349622946794.775,12185177562.1824,146.310497876993,65576191712.317,2719661473.07239,313.175,5.33
2024-05-12,60776.97208,1.1971e+12,12120618802,2908.98278490319,349391330491.68,6479337783.26184,145.308354401829,65186852360.1826,1411338379.68357,313.175,5.33
2024-05-13,61507.054,1.21128e+12,13045696109,2931.31066691391,352120009302.884,5237992152.44218,143.58731571295,64399645373.9464,1012732259.78458,313.175,5.33
2024-05-14,62878.7833,1.23899e+12,27740460084,2948.30345526594,354155572145.702,13930280821.0749,147.144662213962,65981164547.7725,2797524777.80039,313.175,5.33
2024-05-15,61569.11301,1.213e+12,21581895152,2881.79599161529,346305956691.413,11258734172.442,142.084486488678,63808410155.3845,2475112749.07643,313.175,5.33
2024-05-16,66220.51831,1.30705e+12,38101793065,3035.7589551263,365225903815.163,13809709402.1356,158.01312798977,71124365755.6403,3166253780.87633,313.175,5.33
2024-05-17,65260.8798,1.28628e+12,29114585833,2943.58512838422,353501038738.847,11039599517.5969,159.145338545742,71485848565.0468,3010339838.22793,313.175,5.33
2024-05-18,67053.12327,1.31924e+12,25397793919,3095.99684429297,371220670629.632,13846325669.5674,169.499707006369,75995591371.301,2940812645.725,313.175,5.33
2024-05-19,66912.61861,1.31993e+12,13025487676,3120.54937825411,375206332441.695,8357435200.28259,172.450839372603,77423323444.2348,2302108117.32247,313.175,5.33
2024-05-20,66252.7126,1.30473e+12,9072734600,3071.32441809376,368598090418.054,6983633593.91278,170.067347538671,76312677475.9591,2201391269.78967,313.175,5.33
2024-05-21,71430.297,1.40629e+12,35923476641,3656.39009029932,439830728213.121,27159496889.816,186.324922721818,83636200098.3382,4223669415.40993,313.175,5.33
2024-05-22,70189.83582,1.38228e+12,41105056578,3792.48622021177,455765526085.793,37370060267.6015,178.17449193217,79995115480.0629,4264614704.58696,313.175,5.33
2024-05-23,69181.20086,1.36223e+12,31059440496,3741.89774056091,449694006822.555,24114510372.013,176.868847584038,79409425754.643,3391953928.27557,313.175,5.33
2024-05-24,67906.46534,1.33635e+12,39235702119,3766.39809134194,451934122188.917,46761576029.5091,176.064059193577,79228788063.8907,4803498929.52215,313.175,5.33
2024-05-25,68539.91647,1.35076e+12,28127411967,3727.06598158321,447600344544.242,20715688665.9558,167.766878010611,75398208636.1615,3550795871.09978,313.175,5.33
2024-05-26,69268.44559,1.364e+12,15929396750,3750.07715938968,450038598582.033,8464533427.42492,168.369791514466,75661703605.5672,1678123312.5975,313.175,5.33
2024-05-27,68508.83111,1.34935e+12,11243743771,3825.27795757771,459504483187.039,10540798421.1598,163.35859974681,73367866647.74,2230258323.61424,313.175,5.33
2024-05-28,69367.23872,1.36693e+12,18983806932,3893.39210589411,467614044547.037,15290249260.8722,169.814425375065,76290531024.1892,2411003712.56734,313.175,5.33
2024-05-29,68316.63588,1.34754e+12,31278122196,3840.68886040005,462070810453.689,18146426007.6465,168.750557731084,77608694232.9086,2899980604.09825,313.175,5.33
2024-05-30,67577.26559,1.33173e+12,24320692138,3765.30255677808,452762636814.417,15290595277.7923,168.135469362574,77252186457.9422,2520229123.36871,313.175,5.33
2024-05-31,68372.49288,1.34615e+12,25344376898,3748.63915233346,450215609802.773,13659082592.1258,167.014473333231,76758497378.7406,2816032327.04173,313.175,5.33
2024-06-01,67474.95484,1.33161e+12,19685305476,3761.06924564763,452758719430.444,12068376838.6948,165.913530281626,76308339528.4637,2443689641.72546,313.044,5.33
2024-06-02,67704.32642,1.33365e+12,10724053325,3813.45244155993,457995091024.956,7216291113.11816,165.963235008391,76177678589.6829,1004763875.41374,313.044,5.33
2024-06-03,67740.0169,1.33593e+12,16137350588,3780.71198473491,454304865087.933,9915137834.26956,163.118540948327,75050958641.6237,1496336327.67892,313.044,5.33
2024-06-04,68808.29369,1.35548e+12,29862293750,3766.63764994126,452084974218.368,12609351903.6234,164.81254949677,75681627881.0628,2044856437.25292,313.044,5.33
2024-06-05,70600.01117,1.39085e+12,31561053725,3814.9320301465,458132490211.608,11652766019.4968,171.728128612373,78880758222.4826,1750946991.72731,313.044,5.33
2024-06-06,71184.59943,1.4003e+12,32560403315,3871.08209062167,464211497547.671,12871943841.9675,173.769571450503,79780936079.1308,2286674729.78251,313.044,5.33
2024-06-07,70759.58819,1.39488e+12,23612879690,3812.7018565492,458058824868.563,11650774701.4677,170.372719949538,78444394866.6567,1965476413.98097,313.044,5.33
2024-06-08,69325.36239,1.36637e+12,18597495570,3679.37665237418,442056588562.998,16199024684.2988,162.453204978713,74856130848.9357,3548053094.32344,313.044,5.33
2024-06-09,69315.10412,1.36607e+12,10688301508,3683.02538013465,442391279529.594,7575768941.68651,158.18075052052,72835917814.3452,1667795117.63594,313.044,5.33
2024-06-10,69654.16074,1.37256e+12,10461044041,3705.89988440455,445276601430.442,6301031436.91394,162.063709361357,74673430538.4769,1435770777.55132,313.044,5.33
2024-06-11,69493.17761,1.36938e+12,19335866774,3666.82766472582,440506095151.89,8786880926.53714,158.886371616439,73151424296.1094,1758494775.18719,313.044,5.33
2024-06-12,67329.15233,1.32767e+12,38513044383,3498.55595422158,420251663393.758,19621933421.9224,149.301843937218,68854872917.6172,3108518009.00587,313.044,5.33
2024-06-13,68224.51968,1.34524e+12,36027809551,3559.44753362576,427834174694.131,16798065224.8464,154.857042434927,71448945051.6237,3134898978.60593,313.044,5.33
2024-06-14,66700.31697,1.31716e+12,29654777884,3465.31658419948,417151499335.369,14257587847.2829,147.23468433017,68032711460.2585,2420812427.97592,313.044,5.33
2024-06-15,66011.07874,1.30195e+12,27966992833,3478.77483498892,418279823088.95,14164619768.5184,143.021431305962,66064522093.403,2657809423.31445,313.044,5.33
2024-06-16,66190.48749,1.30437e+12,13472726245,3565.12325918626,428318893969.587,12060524631.9654,145.281901084027,67039970053.0878,1163447784.52794,313.044,5.33
2024-06-17,66615.53782,1.31385e+12,12650130204,3618.5086529761,434773902047.791,8663362158.14523,150.655603226958,69579290410.6855,1310561237.98288,313.044,5.33
2024-06-18,66460.38898,1.30933e+12,29409728999,3510.3586935289,421162133590.24,17226962124.0002,143.201979419663,66094864030.9055,2454137648.17236,313.044,5.33
2024-06-19,65109.31481,1.2823e+12,41386972050,3480.47133842761,424951660073.254,21649791273.2137,137.46299373196,63233499041.3527,4344910154.55292,313.044,5.33
2024-06-20,64907.07461,1.2787e+12,21680698981,3555.96583955354,434492651441.092,15091044746.8423,135.40309403154,62361208241.9686,2636123561.80742,313.044,5.33
2024-06-21,64844.67442,1.27932e+12,26001551475,3511.28482815368,429570574514.961,15933137676.2839,133.442569409117,61706156570.9953,2560257578.8713,313.044,5.33
2024-06-22,64071.62428,1.26326e+12,24694310199,3516.88098000528,430070452526.121,16100418805.1432,134.51329489327,62078256801.3799,2427905741.27153,313.044,5.33
2024-06-23,64239.90349,1.26634e+12,6340606686,3494.79856217318,427271533995.03,6342881010.26975,133.486084727607,61606686233.8709,1097684600.3022,313.044,5.33
2024-06-24,63221.35738,1.24819e+12,10748270932,3417.79713729783,418002114768.761,8947881396.03613,128.540281729492,59352841547.741,1252604454.79919,313.044,5.33
2024-06-25,60363.23498,1.18896e+12,42036553107,3357.10064007276,402843439308.606,23589084207.4734,132.337786581878,61042345065.7079,3858603868.94721,313.044,5.33
2024-06-26,61770.41387,1.21794e+12,21105562262,3395.30468733969,407935619100.428,11981602845.5297,136.513745013356,63106257051.6634,2814099573.86786,313.044,5.33
2024-06-27,60749.89619,1.19821e+12,22908540919,3365.94466970839,404420889593.214,10009281218.932,136.441513435011,63108597357.7033,1948967423.65058,313.044,5.33
2024-06-28,61562.64533,1.21393e+12,18855138893,3442.91015811012,413911406152.81,11076955211.8796,149.230754195444,68956935473.7399,3176696321.95079,313.044,5.33
2024-06-29,60317.09698,1.18957e+12,24399416695,3374.60513030679,405590219265.009,10962843305.829,139.725947061358,64611649671.8173,2594297845.79667,313.044,5.33
2024-06-30,60864.44316,1.19979e+12,11435110884,3371.27822796746,405186539487.579,5551997884.52149,139.866898520943,64693099935.2591,1346294362.19431,313.044,5.33
2024-07-01,62734.39384,1.23668e+12,17373592048,3435.31832763374,412683392973.911,7498532249.32701,146.428696412029,67675125124.5994,1780441975.61336,313.569,5.33
2024-07-02,62819.82227,1.2388e+12,25573074911,3438.00907899991,413087026853.56,11834316021.6324,146.34737782843,67673065514.6949,2006890597.14632,313.569,5.33
2024-07-03,62042.56504,1.2229e+12,18100530102,3417.89842554784,410850514007.591,8478511086.94524,153.639224494112,71136229946.1324,2426999726.93494,313.569,5.33
2024-07-04,60244.68076,1.18694e+12,30348692427,3295.80846442998,395971730267.6,15473856746.2451,140.724200990403,65082723830.8585,3214187013.5044,313.569,5.33
2024-07-05,57189.17412,1.13012e+12,43112005395,3069.04340083408,369571668593.032,19209988737.6887,127.934845258129,59426641950.2721,3791021538.33418,313.569,5.33
2024-07-06,56739.86285,1.11849e+12,60081357583,2984.39810249826,358878418412.549,31755421068.5938,134.419854053733,62269271952.2771,5884811589.16938,313.569,5.33
2024-07-07,58230.48415,1.14718e+12,21293913671,3066.24743795406,368279414918.994,9871087552.2738,143.101093143068,66217813182.9834,2489336508.55004,313.569,5.33
2024-07-08,55880.37538,1.10045e+12,20211914621,2928.60123100617,350977454882.583,10243406181.9249,131.853044006742,61059941285.7686,2189333148.67976,313.569,5.33
2024-07-09,56665.14073,1.11762e+12,41614266908,3016.08335379461,362836336467.419,20819810746.3743,139.317687967514,64537904951.41,4080257370.58209,313.569,5.33
2024-07-10,57988.30351,1.14479e+12,28413854577,3064.09236051979,368733224976.198,14902982165.5921,141.457066751924,65737860357.9946,2918129762.12756,313.569,5.33
2024-07-11,57704.20228,1.13935e+12,25987656347,3099.71018613135,372867773189.401,14523237728.5972,141.922657163098,65837743099.4,2267417219.91939,313.569,5.33
2024-07-12,57388.19248,1.13028e+12,29196653599,3102.09023022911,372384838887.212,14058546522.7398,136.074131580419,63095416379.0999,2968505762.68166,313.569,5.33
2024-07-13,57899.28896,1.14157e+12,25504482306,3132.9808386097,376300269815.646,12435435678.4096,139.362192704135,64601740344.9905,2492119021.13976,313.569,5.33
2024-07-14,59152.71914,1.16837e+12,16765547593,3173.50423413802,381711250543.155,7830621980.63702,141.675243731108,65828079252.6225,1319666582.89036,313.569,5.33
2024-07-15,60942.32774,1.20406e+12,21295520564,3252.65418470736,391583812600.576,9867236520.52101,147.954839716503,68729116144.6518,2482805432.37536,313.569,5.33
2024-07-16,64835.48973,1.27781e+12,37810068493,3488.53875802772,419316550609.625,18368344859.4306,159.92387112566,74102104615.5797,3109645281.74637,313.569,5.33
2024-07-17,65162.23625,1.2849e+12,40914441633,3446.7658893041,414703698412.095,21040427365.5881,160.782543029282,74732938819.6211,3487082045.50974,313.569,5.33
2024-07-18,64136.31384,1.26602e+12,33459451714,3389.44128703812,407908628077.672,16978839263.7947,155.401606183879,72209875941.8065,2719714237.76386,313.569,5.33
2024-07-19,63959.56901,1.26146e+12,25976148879,3428.55201876673,412233122047.316,14884776298.2641,159.014591424326,73852444296.5473,2617149109.50422,313.569,5.33
2024-07-20,66689.54881,1.31615e+12,36994610752,3505.22253638845,421392010127.031,17784761899.5516,169.216310530705,78561627383.8854,4472680911.64582,313.569,5.33
2024-07-21,67206.06471,1.32566e+12,17353396168,3522.80130281225,423550664963.506,9427844289.70798,174.101648646612,80854762308.1409,2111299630.43434,313.569,5.33
2024-07-22,68088.13996,1.34335e+12,27078771828,3533.11834953115,424780865928.968,13378492000.4084,184.451249963126,85429935644.3166,4015804659.36748,313.569,5.33
2024-07-23,67607.7134,1.3332e+12,43157593652,3443.07335081714,413961610216.081,18304154013.6876,178.980874668883,83131628699.8652,3355000351.40475,313.569,5.33
2024-07-24,65942.41747,1.30096e+12,36100536095,3482.98377059319,418879212976.897,25079221799.2305,173.033255652889,80374938686.5087,3948271727.50331,313.569,5.33
2024-07-25,65403.53513,1.29045e+12,28680123270,3336.38025303824,401152738546.726,15765758234.5626,178.018935763865,82711015097.1926,3972470238.30037,313.569,5.33
2024-07-26,65749.96362,1.29713e+12,35836896136,3173.76339832747,381782355331.573,25890826733.2828,171.696384086304,79757334803.6551,5008783465.49073,313.569,5.33
2024-07-27,67920.29649,1.33993e+12,30821370069,3278.18695752795,394189879099.259,15169277359.8342,183.084473934238,85018101278.7471,3292350432.04227,313.569,5.33
2024-07-28,68055.40839,1.34289e+12,30976752617,3254.61167258279,391424161950.518,14496971021.2399,184.668612773239,85827248193.049,4036791400.4716,313.569,5.33
2024-07-29,68242.24744,1.34626e+12,17175244020,3272.85013067014,393579006059.78,7818233563.23554,184.788359156864,85867074048.9566,2337276737.24103,313.569,5.33
2024-07-30,66770.32092,1.31758e+12,42529043667,3316.94218877321,399239444647.538,18452148650.9056,182.543521257542,84999082716.6242,4625426991.76057,313.569,5.33
2024-07-31,66219.05102,1.30676e+12,28892376511,3276.98177951674,393942961780.887,13805865977.5241,179.039193397478,83221052241.0683,3282604319.00335,313.569,5.33
2024-08-01,64679.77865,1.2754e+12,31403681581,3233.07680486312,388633791826.87,16143420325.4777,171.973991278133,79950614578.0994,3584555338.83574,314.062,5.33
2024-08-02,65357.52961,1.28916e+12,38911302448,3204.24652374636,385340171208.755,17786413332.1299,167.88783665493,78136018435.0951,5413794223.96618,314.062,5.33
2024-08-03,61407.29547,1.21185e+12,39004321616,2983.30097669429,358543505038.738,18785849199.9034,152.410684155161,70897108855.052,5270915155.68513,314.062,5.33
2024-08-04,60738.74493,1.19796e+12,32885545024,2906.7150241765,349395441871.306,17701956694.5832,143.127487260154,66539693653.1033,4326247996.57252,314.062,5.33
2024-08-05,58006.20659,1.14785e+12,33664501541,2682.43739281879,323403607818.75,22171247833.1394,137.555035327102,64069506751.6635,5254540267.45,314.062,5.33
2024-08-06,53956.26184,1.06489e+12,1.20246e+11,2415.63113943121,291245061884.561,73571034926.6343,129.697705792907,60385581799.6513,16968925434.657,314.062,5.33
2024-08-07,55959.84107,1.10402e+12,52620100833,2455.51137665051,295168597349.078,27613148149.7964,143.643413900891,66888724877.8255,6966233301.52389,314.062,5.33
2024-08-08,55099.95181,1.08857e+12,41605918903,2341.59034602825,282098261495.404,24968091142.092,145.142449714421,67833484660.8793,6502915916.98634,314.062,5.33
2024-08-09,61859.0316,1.21834e+12,49201548320,2685.01275068749,322827381254.318,24290512619.8393,163.046507283596,75605989422.6188,6758056552.04014,314.062,5.33
2024-08-10,60912.58853,1.1983e+12,33804208928,2602.18407127619,312353537574.906,18077335701.9777,156.481026103622,72748882742.7244,3855610171.47439,314.062,5.33
2024-08-11,60887.70862,1.20182e+12,13418919090,2608.0357436287,313697482213.237,8849019546.64829,153.892468049453,71780208858.931,2125943908.77616,314.062,5.33
2024-08-12,58804.2345,1.15915e+12,21715994493,2558.79087073074,307740266021.366,12624674028.0775,141.471287988264,65970515368.1346,3023585724.11031,314.062,5.33
2024-08-13,59350.07433,1.17144e+12,39403296386,2726.77798855193,328070186437.41,22670968464.8468,146.522192960498,68410924515.6501,4393744279.48366,314.062,5.33
2024-08-14,60601.22318,1.1958e+12,31955576195,2703.55055876413,325002180894.277,16366799383.6191,146.771846931375,68523383455.0084,2815066563.40954,314.062,5.33
2024-08-15,58739.19382,1.15948e+12,28079911398,2662.78039509249,320231285058.062,15887432311.7283,143.867318563752,67161503325.7423,3299796280.89426,314.062,5.33
2024-08-16,57624.11693,1.13714e+12,33490251842,2569.86048121593,309002097789.988,15498476343.4105,142.881625366707,66618864444.495,3650888706.80027,314.062,5.33
2024-08-17,58881.92579,1.16272e+12,30368238897,2592.24900621231,311786461030.445,12841847017.2711,139.123186670302,64863103906.7079,3346024393.68146,314.062,5.33
2024-08-18,59430.79163,1.17327e+12,12467437134,2613.1392614461,314212508914.415,5483825246.09884,141.688809382749,66056074283.6682,1510724675.09822,314.062,5.33
2024-08-19,58438.29374,1.15622e+12,17656027564,2614.60128062637,314682052511.704,8617702421.12827,142.46608358915,66473085149.0426,2449782934.94644,314.062,5.33
2024-08-20,59574.94581,1.17606e+12,24031330179,2640.59042073306,317616756579.953,11730843561.1629,144.573801603426,67367254143.214,2725980607.72254,314.062,5.33
2024-08-21,59060.1261,1.16609e+12,31470716091,2575.64343550357,309867213669.319,12823659998.0352,142.515830208435,66476153688.2083,2571440736.57361,314.062,5.33
2024-08-22,61144.68763,1.2071e+12,32960965011,2630.29880176425,316360729845.159,11246256658.9051,142.523869368467,66440969750.357,2339708556.81189,314.062,5.33
2024-08-23,60387.54062,1.19231e+12,28170302506,2623.28917136454,315630604929.486,10277172867.6633,143.254279448065,66761547034.5909,1680863862.99061,314.062,5.33
2024-08-24,64049.68562,1.26192e+12,45038665759,2763.25540736407,332181161792.244,17876365362.4529,152.928737509745,71446953314.3608,3449069389.13261,314.062,5.33
2024-08-25,64157.16061,1.26496e+12,22029153446,2767.84073354623,332950073030.818,11990449014.1477,160.640240938402,74722638007.981,3689677142.44027,314.062,5.33
2024-08-26,64265.81631,1.26929e+12,17875230147,2745.16467160521,330332547375.31,8312216650.94143,158.633044089545,73951133109.2744,2152634485.42178,314.062,5.33
2024-08-27,62922.58635,1.24249e+12,17894692681,2683.0801154903,322816645099.582,11486270160.0148,157.039373936167,73245258412.5275,3208083624.88528,314.062,5.33
2024-08-28,59526.56088,1.17676e+12,38131727428,2457.27735175474,295636169778.938,17505948780.2572,146.824312943894,68457640743.5864,3533217490.51106,314.062,5.33
2024-08-29,59015.29634,1.16603e+12,42018989572,2527.02698140177,303958449107.316,21234602056.0306,143.833172281658,67227955365.6593,3755527847.85031,314.062,5.33
2024-08-30,59351.57949,1.17176e+12,32563333957,2526.73835530034,304106394048.124,13272715023.2566,139.925977816922,65235562102.4701,2485174112.85017,314.062,5.33
2024-08-31,59156.24604,1.16825e+12,44038496615,2527.6902049158,304009556580.617,15607580785.9254,138.219754925296,64456415887.3608,3520846804.22456,314.062,5.33
2024-09-01,58960.23659,1.16428e+12,11399086336,2513.36435010045,302383496015.136,6105765553.72828,135.299685735374,63101327572.9293,1100650505.51255,314.732,5.13
2024-09-02,57357.71617,1.13313e+12,25465621878,2430.02026614393,292436067877.058,11229587557.9688,128.791066238912,60117065789.9123,2592581489.90658,314.732,5.13
2024-09-03,59108.73236,1.16841e+12,28012782291,2534.90481684037,304838837601.648,12130504179.0532,134.984616079641,62985001475.253,2686355117.80263,314.732,5.13
2024-09-04,57504.53859,1.13736e+12,26829983370,2437.14715575565,293818299349.595,9565142020.24356,127.582776296677,59614645974.7786,2173659978.94965,314.732,5.13
2024-09-05,57987.84601,1.14498e+12,37550380697,2448.30785784089,294329412026.393,16639700582.5214,133.568179996461,62251929888.1905,3336191234.18947,314.732,5.13
2024-09-06,56132.40473,1.10921e+12,30005773446,2367.7700509506,284989115168.671,11060190870.6277,129.273729989336,60387775938.9644,2564083516.30126,314.732,5.13
2024-09-07,53923.35611,1.06546e+12,50260816557,2223.78042838268,267574522057.003,26087934661.284,124.887949285401,58344018515.973,4234656649.94793,314.732,5.13
2024-09-08,54150.93836,1.06895e+12,17048448412,2272.69728499519,273350308345.932,10405191111.3406,127.687734203498,59680948983.9679,1696685412.63057,314.732,5.13
2024-09-09,54792.40756,1.08539e+12,18644823662,2296.40295207645,276344419515.76,9844980386.82549,129.921151779627,60759608104.472,1689463330.6306,314.732,5.13
2024-09-10,57049.11875,1.12684e+12,35655419448,2359.56576683163,284026097136.997,15874675673.5524,134.879413693641,63097455959.7013,2931030209.74217,314.732,5.13
2024-09-11,57624.16178,1.13793e+12,29676093302,2389.47401112565,287422889605.808,12508388687.1224,135.535206340329,63391578712.5782,2072831875.20083,314.732,5.13
2024-09-12,57381.76445,1.13429e+12,37765652735,2342.96392369414,282041230807.983,14692963988.9911,132.60279314846,62056036481.4929,2671734090.66391,314.732,5.13
2024-09-13,58106.95123,1.14847e+12,34177859933,2362.30023817459,284255194234.775,11610780893.077,136.209123960056,63757976308.1595,1924374547.70359,314.732,5.13
2024-09-14,60620.62747,1.19783e+12,31919740724,2445.08621032297,294131761890.345,13122792869.9789,138.973341781097,65041521980.8339,2224225923.39921,314.732,5.13
2024-09-15,60003.2994,1.18526e+12,15800120841,2418.08280831799,290912717943.82,7248493705.2686,137.184158651028,64231025021.07,1141559407.44494,314.732,5.13
2024-09-16,59214.80227,1.16968e+12,17289597543,2322.64333174806,279257769574.614,9361948332.94575,131.622670745563,61583690049.1738,1781296503.15325,314.732,5.13
2024-09-17,58211.12323,1.1505e+12,32196570894,2295.13483865408,276339513490.219,16629103878.5416,131.520401838553,61587188878.8993,2079969051.5704,314.732,5.13
2024-09-18,60317.03198,1.19182e+12,34191170118,2341.09241325975,281704536557.396,14449511265.9352,131.521378695595,61598080482.3648,2150547014.16328,314.732,5.13
2024-09-19,61440.41208,1.21184e+12,40445339415,2361.96099210071,283874122378.368,17524561761.8114,133.613859471848,62403271563.9347,2755309741.19296,314.732,5.13
2024-09-20,62966.52932,1.24387e+12,41959080716,2465.2347833173,296680606397.516,17820089225.3769,142.685743374566,66808347524.8748,3564421946.26423,314.732,5.13
2024-09-21,63128.22454,1.24648e+12,35587830477,2557.62185554425,307586864690.154,18498405459.3956,146.478827747313,68638372124.5811,3882733732.26317,314.732,5.13
2024-09-22,63403.40235,1.2541e+12,12938083116,2614.5996047535,315153052833.93,9276102854.53634,149.668432323008,70140329689.7311,1873292317.74909,314.732,5.13
2024-09-23,63582.59957,1.2559e+12,20349365413,2582.84768374126,310840922229.841,12759588941.9797,144.839732794896,67842797097.4679,2044307162.04076,314.732,5.13
2024-09-24,63327.02654,1.2511e+12,23998847799,2647.99316220333,318666137823.116,19740370943.8356,144.886103609856,67870222047.8409,2886324907.6015,314.732,5.13
2024-09-25,64334.14275,1.27118e+12,31490984594,2653.84434530801,319524635350.525,16584773336.2563,152.887187674154,71709338801.7575,3787418563.3947,314.732,5.13
2024-09-26,63151.89959,1.24572e+12,26087643766,2578.56635956348,309875035203.636,14003678832.7567,148.108293625436,69291597151.6952,2721186645.01061,314.732,5.13
2024-09-27,65130.76884,1.28715e+12,37995568904,2630.94983700893,316828988137.277,16686162392.9665,155.466115622881,72884471285.9308,3823684872.57305,314.732,5.13
2024-09-28,65791.00213,1.29971e+12,32664917504,2698.1928212346,324681649929.672,16468123574.1226,157.797958769138,73978003988.8331,3684393153.83145,314.732,5.13
2024-09-29,65934.10709,1.30322e+12,15342911003,2680.21870206247,322761939149.411,9607072594.43938,156.959062767646,73518555009.7382,1727901443.70169,314.732,5.13
2024-09-30,65663.68987,1.29783e+12,12948707839,2659.61121161169,320146112155.94,9570811494.06823,158.623421883811,74369588837.6527,2258758247.18942,314.732,5.13
2024-10-01,63243.27532,1.24958e+12,35124446789,2597.34115168344,312577514239.37,17539259209.422,152.54403421201,71395922727.9443,2919586309.54521,315.631,4.83
2024-10-02,60872.66854,1.20293e+12,54251488434,2451.63152258977,295243912099.718,26538568534.282,145.208964057992,68058487039.1745,4888868006.42266,315.631,4.83
2024-10-03,60655.55979,1.19865e+12,41870731292,2365.23104024302,284621591999.189,20613586399.4069,140.448432750063,65807677885.5467,3403092048.77014,315.631,4.83
2024-10-04,60727.86395,1.20049e+12,37711138442,2348.00483692474,282601960212.366,18771995105.1912,136.653936475378,64050560287.4447,3660493468.51193,315.631,4.83
2024-10-05,62103.01047,1.22666e+12,30349059839,2416.91840555526,290928251441.442,15230883994.3992,143.164768021801,67069277149.6274,3107174327.53187,315.631,4.83
2024-10-06,62091.93259,1.22676e+12,11095453163,2415.40381374455,290706276902.614,7362867897.9599,142.740665308258,66856779428.4312,1404635947.71395,315.631,4.83
2024-10-07,62811.79973,1.24183e+12,14592422861,2438.03091254401,293516242471.933,7641011283.52012,146.348536044529,68620543171.3139,1447038882.22572,315.631,4.83
2024-10-08,62287.39011,1.23109e+12,33878876147,2422.7506412955,291612805733.031,16943828822.3714,144.212656586259,67824969530.6978,3411951971.00807,315.631,4.83
2024-10-09,62185.23042,1.22972e+12,28626429277,2441.46516962003,294190554781.404,13601054198.5456,143.433850488675,67328950381.8399,2021753886.71473,315.631,4.83
2024-10-10,60597.15046,1.19774e+12,28530748118,2367.6150967894,285084590935.448,14384326799.3172,139.326350397431,65433504789.6054,2070835887.67859,315.631,4.83
2024-10-11,60195.18074,1.18969e+12,29481971886,2381.78170880148,286552629874.807,14686776834.2985,138.762155170702,65104986869.397,2066229153.77661,315.631,4.83
2024-10-12,62392.34048,1.23336e+12,32008659336,2435.71378436922,293162664953.978,13097241431.2346,145.318343205963,68238430125.5869,2171464128.91537,315.631,4.83
2024-10-13,63207.77062,1.249e+12,17665963646,2477.61302755782,298282533565.21,8538997411.47029,146.581062277323,68817502222.7397,1342624320.03234,315.631,4.83
2024-10-14,62829.53369,1.24124e+12,16784552979,2466.86072670867,296977636559.928,7516544091.44527,147.492290867815,69243494227.1722,1681570122.02301,315.631,4.83
2024-10-15,66049.99493,1.30609e+12,46553796134,2628.50437615775,316451494816.541,21502937840.2867,157.345929298894,73962264985.1128,3436470403.88568,315.631,4.83
2024-10-16,66962.21994,1.32377e+12,51797932877,2602.0760435961,313216116600.224,21986428173.146,154.622633322451,72639268353.5942,4033304497.25221,315.631,4.83
2024-10-17,67647.54415,1.3373e+12,40640495380,2611.7001591824,314435102932.43,16135687550.2507,154.263589909949,72422733078.4753,2755639617.5136,315.631,4.83
2024-10-18,67328.10527,1.33039e+12,34512072358,2603.12029233461,313194633306.595,14330391810.4753,150.273060803751,70573405283.5146,2717600021.31222,315.631,4.83
2024-10-19,68465.61921,1.35354e+12,39984956633,2643.1565209871,318245706033.605,16301885114.203,155.072751417113,72886877673.2116,2035291815.76841,315.631,4.83
2024-10-20,68388.87129,1.35194e+12,14110889435,2649.97928958021,318975355966.119,7337169826.46491,159.59268197009,74964939765.9462,1863265086.56187,315.631,4.83
2024-10-21,68962.82918,1.36238e+12,17253863433,2742.95914116004,330127637903.256,12697856633.5713,166.573580832598,78229210681.9254,3153223457.13406,315.631,4.83
2024-10-22,67394.85776,1.33233e+12,40485496092,2665.73193897401,320871813296.622,17340865615.8682,166.376034105666,78180519224.3923,4851472927.70805,315.631,4.83
2024-10-23,67351.04794,1.33143e+12,31398389967,2619.56531305064,315286963217.623,15418370745.5107,167.211349373087,78495515410.025,4409925954.91737,315.631,4.83
2024-10-24,66683.96807,1.31829e+12,32676918488,2524.10385630912,303758669310.655,19004341635.3268,171.313904057274,80605199376.194,4820717293.71962,315.631,4.83
2024-10-25,68214.05205,1.34789e+12,35892606570,2536.23404131988,305016120148.384,16708110976.6363,177.373061256781,83303181938.5757,4352868535.96291,315.631,4.83
2024-10-26,66585.66536,1.31398e+12,48426924850,2422.09328922875,290598017399.468,23734197478.8074,164.344759593602,77285778632.2032,6060843280.99768,315.631,4.83
2024-10-27,67018.16502,1.32519e+12,21169467790,2479.37360324433,298518432454.894,13434262241.3463,170.560353392949,80185439054.5038,3465680935.54643,315.631,4.83
2024-10-28,67938.55413,1.34335e+12,16533385730,2505.50294713888,301656245036.734,8656317174.65464,176.625966854102,83135834565.1987,3262906486.52684,315.631,4.83
2024-10-29,69845.30453,1.38087e+12,41990540385,2564.8138556783,308760527470.31,19560694034.694,178.140458310011,83861396528.2126,4573928546.7764,315.631,4.83
2024-10-30,72781.11308,1.43931e+12,65487782005,2638.63735127812,317633905084.885,22541317733.246,179.368611131611,84365189646.562,4626744759.96089,315.631,4.83
2024-10-31,72342.62171,1.43109e+12,43498144314,2657.61418184944,320125387602.99,22790792400.8636,175.079103060959,82365474416.0372,3787670946.3548,315.631,4.83
2024-11-01,70264.99736,1.3902e+12,45907074189,2514.75078724107,302903644448.693,20097565241.5628,168.40252241176,79289455541.8705,3406710809.99101,316.528,4.64
2024-11-02,69507.92256,1.37469e+12,54863092261,2513.83728706121,302633410028.433,20396109310.4071,166.288210253768,78250082081.9303,3797335906.93142,316.528,4.64
2024-11-03,69299.16037,1.37052e+12,14709379755,2491.35215005866,299972542553.578,8253307127.22991,165.995027943961,78131615349.7073,1957197289.80225,316.528,4.64
2024-11-04,68803.50626,1.3623e+12,37659435507,2456.97968734471,296080479788.81,14546539750.4964,162.667917996141,76639755911.6,3328092038.79501,316.528,4.64
2024-11-05,67793.29783,1.34019e+12,46183110994,2395.94721391328,288417039274.466,17316680977.6986,157.607223084917,74183140424.8734,3431380035.95522,316.528,4.64
2024-11-06,69335.42553,1.37096e+12,40025021601,2422.36847985564,291680535424.015,18024855703.9047,166.511436038789,78482680246.5643,4231343887.36576,316.528,4.64
2024-11-07,75620.88607,1.49639e+12,1.28493e+11,2720.62174500688,327447580506.654,42388106411.0686,187.168535330958,88185066303.6792,12310513296.1709,316.528,4.64
2024-11-08,75987.24178,1.50262e+12,66590396087,2894.97187338384,348640981227.001,36844374455.9351,196.202539229732,92394882481.3079,6091288676.38245,316.528,4.64
2024-11-09,76550.02138,1.51405e+12,50687468388,2960.95933693821,356482981903.25,33688997426.4026,199.833366942537,94211532387.9798,7260188189.93147,316.528,4.64
2024-11-10,76630.22631,1.51947e+12,31430906056,3130.035524074,376942816358.427,30583711140.3628,200.168570862976,94841594020.3866,4159056437.72722,316.528,4.64
2024-11-11,80466.71655,1.59085e+12,93473126208,3191.90445555182,384143201744.364,47726595161.3253,210.187842466439,99044422018.7754,11110901193.4872,316.528,4.64
2024-11-12,88637.42,1.75662e+12,1.3396e+11,3372.79148634301,407462829811.216,62390436438.2498,222.643790262812,105178890848.891,12984443505.8992,316.528,4.64
2024-11-13,88264.59975,1.74111e+12,1.52357e+11,3260.93438613115,392233485413.743,60074013245.4525,213.067290535866,100554180075.783,13290465438.1615,316.528,4.64
2024-11-14,90488.10007,1.79074e+12,1.36046e+11,3191.89918439879,384320615296.676,65592582441.2578,215.08302276595,101553234625.106,13805972977.9735,316.528,4.64
2024-11-15,87407.51274,1.7268e+12,99649391847,3059.8122969325,367484509623.645,37531565153.5352,209.368051330387,98608091950.0475,10550722956.6678,316.528,4.64
2024-11-16,90947.97509,1.79928e+12,84382485698,3093.91304339038,372487751993.499,33076552515.4014,219.085690062161,103343063143.627,7498818405.35082,316.528,4.64
2024-11-17,90606.45489,1.79042e+12,49255174407,3133.88022341914,376904025324.191,26503107468.2598,216.054672119773,101970934386.946,5969522661.83249,316.528,4.64
2024-11-18,89841.47194,1.77689e+12,48556083102,3075.53453260162,370225690651.51,28547657381.2848,237.466553661279,112583245508.814,12972061001.98,316.528,4.64
2024-11-19,90534.6246,1.79092e+12,77391724184,3209.42390733268,386129534586.855,35364731417.9986,239.777420427101,113790106211.852,10983854913.1489,316.528,4.64
2024-11-20,92251.65241,1.8252e+12,80493234958,3112.90980101502,374925759373.261,29767245881.0403,237.91328769126,112928994362.17,8433368277.45853,316.528,4.64
2024-11-21,94217.0223,1.86262e+12,80747272080,3075.19385664933,370266265216.924,29508936260.3469,236.040124328041,112008978842.065,8823415601.78725,316.528,4.64
2024-11-22,98509.11859,1.94828e+12,1.18164e+11,3365.93697154661,405284044226.12,55714132904.9796,257.25071857715,122060813280.853,14028640651.2312,316.528,4.64
2024-11-23,98927.49495,1.95809e+12,85746174564,3327.75719517196,400787854559.327,36536922518.7931,256.247902296527,121664259170.889,9312488228.35439,316.528,4.64
2024-11-24,97679.46382,1.93126e+12,47414200207,3394.03696178255,408448492183.195,42885423857.4769,254.698973559254,120859540109.977,8833978840.18369,316.528,4.64
2024-11-25,98015.93553,1.93945e+12,50665680247,3368.70276194299,405718851021.493,30123422893.9913,253.638932505526,120502230128.642,6901354952.30712,316.528,4.64
2024-11-26,93004.70093,1.83879e+12,89476321216,3417.29122369194,411314588853.177,53625394443.8737,234.537521553542,111344542068.443,8666830055.46533,316.528,4.64
2024-11-27,91931.83077,1.81999e+12,97389239316,3325.63653258764,400706261382.184,41896722105.1315,230.779141194975,109620678337.067,9750668817.7158,316.528,4.64
2024-11-28,95981.18057,1.89909e+12,81469353260,3666.18849043776,441632729137.708,48465294233.3274,242.466786846608,115105327487.595,7109836475.67038,316.528,4.64
2024-11-29,95661.59596,1.8923e+12,49067932024,3579.2407862475,431207272220.64,33082767875.1315,237.652738086144,112826136421.607,5255693436.08845,316.528,4.64
2024-11-30,97453.24735,1.92683e+12,74670031636,3598.19332122536,433361301691.361,28800628431.2176,243.700896645942,115695831971.575,5755025280.6575,316.528,4.64
2024-12-01,96513.14235,1.91002e+12,43580019721,3709.90943910733,446851521665.913,31961998508.2304,238.163476678586,113136826188.843,4804502975.56707,317.604,4.48
2024-12-02,97311.70719,1.92581e+12,49147687433,3708.8072387383,446664514864.588,29705280034.459,237.547188276,112858141484.319,5045595846.94547,317.604,4.48
2024-12-03,95833.13623,1.89658e+12,1.0102e+11,3643.85537570424,438825980701.3,49031522663.4094,225.528361012422,107159640532.603,9899598134.99005,317.604,4.48
2024-12-04,96031.63098,1.90092e+12,87935752288,3625.71045794972,436691206026.368,39557549415.3499,234.992586353518,111849188040.855,10452192112.2435,317.604,4.48
2024-12-05,98881.46946,1.95728e+12,98230784298,3839.44346071587,462490222624.567,59744855714.1994,229.066699214532,108895156641.663,8783744907.42495,317.604,4.48
2024-12-06,97201.50036,1.92074e+12,1.9046e+11,3796.86886716013,457067221118.441,64995601294.5025,237.300858722922,112780864777.682,12602226714.2838,317.604,4.48
2024-12-07,99973.85151,1.97839e+12,1.15813e+11,4013.72614538871,483422504163.839,55954471926.6703,237.006468682537,112628691231.929,8922633455.40031,317.604,4.48
2024-12-08,99781.82999,1.97474e+12,61061136200,4000.99207650219,481889176555.684,21959792763.5438,238.893297398135,113839345705.585,5251587540.53385,317.604,4.48
2024-12-09,101235.3717,2.00324e+12,62677764785,4015.78202123288,483642898147.504,20728146237.1273,237.578545630454,113135754973.993,4395374812.78192,317.604,4.48
2024-12-10,97353.94701,1.92605e+12,1.46847e+11,3713.31389799717,446571271919.989,59141397866.0983,217.617378422708,103658784770.724,11429229527.7433,317.604,4.48
2024-12-11,96649.71447,1.91312e+12,1.25836e+11,3626.5886417775,436749626813.986,63643513993.1537,213.526872063329,101631048226.247,11187514118.8592,317.604,4.48
2024-12-12,101123.6181,2.00175e+12,1.18485e+11,3828.10758834041,461075934206.215,38471623681.4091,227.073141375673,108729401497.312,7555103206.12402,317.604,4.48
2024-12-13,100000.8084,1.97917e+12,1.00092e+11,3878.85001207305,466883095805.387,47474608675.3367,227.025747460342,108699878063.441,6550517085.99364,317.604,4.48
2024-12-14,101352.2297,2.00541e+12,78802903279,3907.42965950534,470469907671.536,36218321642.4986,224.595463316825,107552367996.596,5161260053.69595,317.604,4.48
2024-12-15,101367.0106,2.00765e+12,57321924844,3866.99580203481,465713274663.643,28647722345.4093,219.871836259502,105315505829.888,3877459092.60342,317.604,4.48
2024-12-16,104721.5015,2.07549e+12,70645074625,3961.31546618023,477323245356.156,24816850994.8095,224.536588929749,107667694926.248,3942318066.51884,317.604,4.48
2024-12-17,106074.1072,2.09746e+12,1.15185e+11,3992.85719584606,480940541314.613,50679799770.943,216.515449600248,103890617385.676,6624387280.00886,317.604,4.48
2024-12-18,106034.9134,2.10063e+12,93417826250,3879.40622401009,467508439297.988,32823036037.5846,222.740329659889,106838498036.116,7985124597.62813,317.604,4.48
2024-12-19,100355.5761,1.98528e+12,1.13692e+11,3628.2624780445,436893612673.402,50734709374.8313,205.363302397904,98187529554.2457,8480297085.51161,317.604,4.48
2024-12-20,97851.35377,1.93702e+12,1.00612e+11,3434.67546953808,413858693686.699,64452959600.8639,194.901981569429,93450456552.3174,10468690590.8027,317.604,4.48
2024-12-21,97691.43432,1.93237e+12,1.12341e+11,3468.65892005645,417562064054.37,72936574193.4554,194.121984504538,92885810388.1896,12107653719.1811,317.604,4.48
2024-12-22,97202.82497,1.92277e+12,53058382639,3337.59722311668,401314595520.452,32479699770.0411,181.028907838608,86608023116.4769,6815137488.70628,317.604,4.48
2024-12-23,95094.27395,1.8846e+12,44619017105,3275.88942740151,394984656581.522,25811397925.9799,180.152993818826,86503599316.9727,5182484546.12334,317.604,4.48
2024-12-24,94644.91085,1.87491e+12,64937790293,3414.6414419808,411423031050.553,35528067791.099,189.842186176566,91042236757.0071,6301604625.52505,317.604,4.48
2024-12-25,98695.71401,1.95117e+12,49169088282,3497.55528792757,420708095541.68,24085249644.3214,197.50098597289,94580217212.3156,4227931012.21579,317.604,4.48
2024-12-26,99344.95417,1.96648e+12,33963749856,3494.5109273631,421029544401.601,17503804977.0006,197.357659274072,94663647605.3015,3348485302.25956,317.604,4.48
2024-12-27,95678.31245,1.89474e+12,45049342388,3327.78977616835,401038436756.226,21239977785.9479,188.144566272335,90223406707.1407,3632161406.33189,317.604,4.48
2024-12-28,94331.94727,1.86771e+12,41498540808,3328.61115530918,400705550098.431,24582312087.1741,183.748663854629,88113693164.8477,3493249464.36059,317.604,4.48
2024-12-29,95184.61945,1.88556e+12,22429850904,3397.83412050852,409451576910.996,13861298668.6498,194.827651116917,93472385728.0987,2617139754.42028,317.604,4.48
2024-12-30,93663.44752,1.85487e+12,24065314500,3357.33074297146,404459649875.757,11315432322.3715,189.928413016469,91097223580.5688,2637965244.60699,317.604,4.48
2024-12-31,92627.28213,1.83319e+12,57595164139,3359.51394175739,404631151447.32,27664137021.8131,190.700665088229,91400962709.7664,3958275830.34285,317.604,4.48
2025-01-01,93507.85875,1.85184e+12,45327464908,3336.61751376595,401972899891.298,21466394178.6175,189.451683667619,91478338043.5113,3962483816.17952,318.961,4.33
2025-01-02,94384.17612,1.86919e+12,23275007789,3348.96724712359,403374380145.697,13440599794.351,193.646791441771,93458487148.0009,2824600478.59727,318.961,4.33
2025-01-03,96852.14681,1.91791e+12,45157338603,3448.14043696094,415300548992.106,22683249623.052,207.878626768975,100434907190.989,5084254052.25743,318.961,4.33
2025-01-04,98084.34279,1.94283e+12,35721645948,3604.29137959318,434290507752.408,22019312215.3068,217.647289485303,105094794982.76,4911221653.27753,318.961,4.33
2025-01-05,98256.73877,1.94661e+12,20979035421,3660.37804173532,441117087325.003,15951962220.7804,216.683648262656,104689355900.122,3044194454.65502,318.961,4.33
2025-01-06,98364.58947,1.94834e+12,20060293835,3635.85499618071,438092711283.229,12542101206.5586,213.448235416574,103130316780.376,3048234520.42877,318.961,4.33
2025-01-07,102229.3945,2.02483e+12,46111387334,3687.14471405883,444015369643.701,24440100572.5929,218.420976711005,105522704111.378,4309097910.34122,318.961,4.33
2025-01-08,96952.09887,1.91913e+12,60610257147,3380.02112630902,406968109533.227,32832589510.813,202.492545725036,97995322629.9231,5199767125.7381,318.961,4.33
2025-01-09,95016.71441,1.88531e+12,65790469838,3325.13002935374,400602495132.528,35080974963.7202,197.452067662832,95682675885.83,5972330799.66618,318.961,4.33
2025-01-10,92376.27578,1.83293e+12,65850881575,3219.09284475812,388324291231.471,30096896683.0412,185.011135086899,89422935371.9058,4609352627.06051,318.961,4.33
2025-01-11,94736.62674,1.87684e+12,63433655717,3269.17599540607,394101246876.454,26722437003.9579,187.820116747483,90863602526.6466,4489439743.58548,318.961,4.33
2025-01-12,94559.55167,1.87429e+12,17836423168,3283.5913228285,395839071861.317,11047744222.7432,188.063250764695,91151211516.5533,2634148745.10655,318.961,4.33
2025-01-13,94454.7709,1.87031e+12,19608932596,3264.07096853369,393199349088.33,9699706283.25854,188.391942890581,91207532007.521,1635265225.55934,318.961,4.33
2025-01-14,94456.34937,1.87061e+12,76328330233,3134.55203945965,377643507549.013,41743898872.017,183.114288500978,88705877704.0747,6287216536.18915,318.961,4.33
2025-01-15,96574.07769,1.9126e+12,51241728229,3224.80064834141,388487746270.385,22365842880.8095,187.704525202324,90966038336.3823,3315788782.94936,318.961,4.33
2025-01-16,100313.1524,1.98683e+12,57637319740,3447.0340476748,415058425772.061,23773995063.8285,205.75854800567,99617521322.5534,4804084650.37408,318.961,4.33
2025-01-17,100044.5793,1.98094e+12,50150102497,3309.44661399002,398587196539.922,25012556602.9051,211.233993740416,102762327812.582,7068314924.70672,318.961,4.33
2025-01-18,104160.6936,2.06385e+12,69135117732,3477.28428508481,419024911827.794,27778832363.7708,219.779054008137,106975781135.88,5970704168.89648,318.961,4.33
2025-01-19,104334.6158,2.06715e+12,49416447749,3309.09956762,398761138447.405,32195594202.1349,262.561576458965,127785165817.101,25509863876.6101,318.961,4.33
2025-01-20,101275.3371,2.01484e+12,72970313684,3208.13654398915,388676714260.872,59678736709.7496,251.974885503053,122020537308.09,27745408600.2769,318.961,4.33
2025-01-21,101764.9086,2.01784e+12,1.20159e+11,3263.06986988081,393073139255.552,49563768850.7834,242.471504102214,118038765211.234,24105137275.2392,318.961,4.33
2025-01-22,106182.2368,2.09883e+12,95344290058,3326.02854047091,400135429379.412,33762939512.6979,250.398490838875,121552327585.604,12579840532.3228,318.961,4.33
2025-01-23,103673.5351,2.05429e+12,55030669603,3237.29966712914,390083338462.87,21782301388.384,256.114334378264,124606314246.362,10328230618.3481,318.961,4.33
2025-01-24,104067.6099,2.06236e+12,1.02455e+11,3332.58089314616,401547418905.649,33863218042.4311,253.495031314996,123417388987.169,10816185398.4692,318.961,4.33
2025-01-25,104835.1925,2.07616e+12,51418786363,3311.8499838687,398942774193.46,25895320216.8681,253.626378854413,123361234528.283,8592029753.25568,318.961,4.33
2025-01-26,104796.0408,2.07765e+12,22740744965,3320.13141017895,400427749273.565,12706329663.414,257.074299696956,125148284070.789,5803289041.23907,318.961,4.33
2025-01-27,102552.2487,2.03632e+12,20639818380,3232.27677447056,390058879989.858,13000445022.2221,241.067316303262,117303806305.968,4718944732.49451,318.961,4.33
2025-01-28,101958.4695,2.0193e+12,93191643783,3173.53460793972,382221069555.61,41151086046.0761,234.979147136007,114276592039.166,12684970731.8669,318.961,4.33
2025-01-29,101313.1126,2.00707e+12,45780526814,3076.49376928572,370532757630.743,19807794444.4833,226.889456146383,110398046173.441,5786086231.1831,318.961,4.33
2025-01-30,103718.9794,2.05658e+12,47425401642,3114.43588543631,375574817164.757,22051422147.7805,228.614542552722,111355015372.823,6211589569.14034,318.961,4.33
2025-01-31,104781.5135,2.07676e+12,42122570869,3248.2494843523,391509879851.787,19504592311.3565,239.047197263376,116559779515.85,5322441765.57196,318.961,4.33
2025-02-01,102382.3941,2.0285e+12,37187819228,3296.39063484365,396910231325.106,31441846706.2542,231.507822992975,112643737226.916,4767010236.43866,319.679,4.33
2025-02-02,100674.7876,1.99642e+12,22827776122,3125.03868013209,376840076476.983,18969060074.553,214.463664225803,104469275144.334,4126022505.95803,319.679,4.33
2025-02-03,97568.31653,1.93369e+12,59784234332,2862.69761887163,344091054313.721,38896518795.2124,202.324928535993,98398368500.8565,9577730751.60321,319.679,4.33
2025-02-04,101466.8607,2.01112e+12,1.22164e+11,2877.81382394988,346820394641.112,96588727629.458,215.951472298075,105205583844.172,17185125725.0343,319.679,4.33
2025-02-05,98118.43922,1.94354e+12,73196693058,2740.38097627601,329090090858.624,52737830809.6337,207.424063939755,100802812440.854,8488460261.02,319.679,4.33
2025-02-06,96582.88683,1.91258e+12,48848958932,2790.55216092561,335828291113.454,30026391038.2718,196.217875732603,95550201539.3295,4519102616.62999,319.679,4.33
2025-02-07,96635.41875,1.91509e+12,44462180396,2686.66231679365,323756512126.75,31349967107.9782,189.38932513492,92031851837.8842,4544519196.97924,319.679,4.33
2025-02-08,96558.45631,1.9113e+12,57077722340,2623.45070178248,315636240722.984,30948837988.0819,192.270967939434,93773950310.2403,5321325630.80872,319.679,4.33
2025-02-09,96558.23763,1.91421e+12,20760850645,2635.60114180234,317758860998.563,16335613332.5918,199.709393945894,97430610890.8008,2738591550.98891,319.679,4.33
2025-02-10,96548.57865,1.91307e+12,25457107581,2632.53582205525,317369673472.607,17155535243.908,200.446346687964,97797330676.8804,3575183754.78335,319.679,4.33
2025-02-11,97399.98161,1.93074e+12,37054987394,2660.29679964364,320711545303.193,18843420567.4292,200.045846619368,97602797576.9777,4877446867.21056,319.679,4.33
2025-02-12,95739.97737,1.89879e+12,36454577155,2603.03336980493,313943237177.07,21212910085.2113,197.929152640318,96650663515.047,4610068875.97927,319.679,4.33
2025-02-13,97836.18856,1.93684e+12,47115618235,2736.27031360324,329492522913.44,26503660438.8457,196.603013928529,95802342588.4846,4991943969.55479,319.679,4.33
2025-02-14,96561.664,1.91432e+12,29084371911,2675.70900070376,322584072350.276,18938191215.2962,194.263170190072,94843692266.1009,3243643748.25495,319.679,4.33
2025-02-15,97488.48149,1.93166e+12,32289906945,2724.6698335874,328399065363.055,17416785872.7048,199.650119660604,97468827982.8782,4307573002.93599,319.679,4.33
2025-02-16,97569.95169,1.93431e+12,14215311318,2692.82138638643,324625278431.53,8896321414.55901,194.425450985827,94916725048.105,2126185023.71876,319.679,4.33
2025-02-17,96149.34845,1.90501e+12,13634794999,2659.90174740935,320529173059.007,8757895115.47748,188.165584495931,91860796549.9617,2477404625.15599,319.679,4.33
2025-02-18,95776.15724,1.899e+12,25324374113,2741.90508009561,330464530098.924,24666373348.4327,177.919971953888,86934660078.6841,4953743554.60889,319.679,4.33
2025-02-19,95495.89153,1.8927e+12,38311133145,2669.49450068961,321688672383.752,24353300611.5066,169.107182172898,82487856965.5656,7430021942.54091,319.679,4.33
2025-02-20,96554.87156,1.91434e+12,27703222487,2714.80183647205,327248168186.762,13398586820.9123,169.264434366157,82688920914.0749,4126508611.42882,319.679,4.33
2025-02-21,98384.31738,1.95038e+12,24175261970,2741.59336259948,330517520397.096,14550027648.5222,176.020741839307,86011244818.5491,3748737861.76405,319.679,4.33
2025-02-22,96135.15541,1.90606e+12,42477472951,2658.34709429194,320508273451.558,31770375573.3895,169.001232013823,82609623068.9293,5320752621.58643,319.679,4.33
2025-02-23,96564.15414,1.91526e+12,18464415571,2764.35523340429,333381856893.822,17576653979.1465,172.212803915068,84180442889.1881,2446840289.51258,319.679,4.33
2025-02-24,96327.46309,1.90963e+12,16643044375,2827.18440848798,340712999974.141,21394599890.2699,168.093026503615,82111049206.9718,1845951247.11704,319.679,4.33
2025-02-25,91396.76687,1.81418e+12,45539703844,2503.10342009861,301769340440.05,31014455208.7561,141.165930311862,69785445476.4441,8204544974.98999,319.679,4.33
2025-02-26,88755.76934,1.75975e+12,96742453403,2495.31545169305,301064649480.546,42875934003.3239,144.356335496369,71703011109.9571,10792855904.5099,319.679,4.33
2025-02-27,83900.11497,1.66431e+12,69277430796,2325.85393469937,280668025121.233,28109120496.6987,134.662854561344,67080997138.5068,5565468106.45087,319.679,4.33
2025-02-28,84709.14478,1.67956e+12,81960688218,2305.32293780298,277936135130.74,89259450649.58,137.606481636697,68562002291.5489,4247821646.48874,319.679,4.33
2025-03-01,84441.90122,1.67475e+12,80695237175,2235.20420860896,269516471615.162,32905594283.0064,148.174663044406,73865234147.5616,8773643463.19584,319.785,4.33
2025-03-02,86005.2563,1.70556e+12,30634474723,2212.824351497,266823935338.242,16103021679.0186,143.400222593132,72725965137.7322,3750217492.25857,319.785,4.33
2025-03-03,94261.53287,1.86832e+12,61859112551,2517.3382391623,303306117779.77,37907412347.335,178.17413183106,90446325718.0203,13105437774.766,319.785,4.33
2025-03-04,86124.71419,1.7082e+12,68715362745,2148.19953347023,259111889993.756,33501080617.481,142.514126706142,72549477478.2089,10365994673.4948,319.785,4.33
2025-03-05,87310.80531,1.73144e+12,65863356680,2171.49694353502,261805780842.549,35524086282.7652,145.061909400412,73677404621.1824,8959390661.47582,319.785,4.33
2025-03-06,90604.08099,1.79771e+12,51606642860,2241.38411491873,270490243838.006,22236307931.7582,146.181587165332,74254605878.2929,5058439503.51189,319.785,4.33
2025-03-07,90001.40088,1.78279e+12,47555759125,2202.32073634954,265270135615.098,19895800679.3281,143.451347508361,72855104265.5905,4945954333.27853,319.785,4.33
2025-03-08,86773.33598,1.72044e+12,63216440875,2140.74980894289,257899503839.808,21716710066.0889,139.182662627854,70789658072.8858,7016301953.40386,319.785,4.33
2025-03-09,86142.98336,1.70861e+12,18809360803,2199.99950008057,265129957012.698,11257666715.7955,136.882106382322,69641393306.3947,2514068553.48236,319.785,4.33
2025-03-10,80751.13893,1.60207e+12,32013406241,2017.26546018433,243298514477.014,17577023963.6854,126.634268057553,64443868119.2289,3801194130.62927,319.785,4.33
2025-03-11,78783.94058,1.56355e+12,49983692766,1879.1231054991,226713493940.291,36577317615.2177,118.786443660841,60550984692.3361,5864031854.07418,319.785,4.33
2025-03-12,82799.10803,1.643e+12,56404462275,1921.3099227587,232024934655.645,30046602111.8939,125.428768023532,63868692267.7,6029007255.04965,319.785,4.33
2025-03-13,83884.24579,1.6625e+12,41782186209,1910.65513810325,230443739229.907,24499314730.7038,126.565364875673,64342608562.2474,4689543463.44817,319.785,4.33
2025-03-14,81098.90052,1.60848e+12,32583592655,1862.79493664904,224658866951.87,19212414462.1816,123.237707527286,62750805255.1133,3271148359.24869,319.785,4.33
2025-03-15,83971.70916,1.66573e+12,28571483950,1910.6662703455,230476916425.019,12949972214.2656,133.554534554428,68090655259.9116,3701658672.58574,319.785,4.33
2025-03-16,84391.69088,1.67417e+12,10761796127,1939.78568817213,233970291611.366,6944891086.05084,135.838080853183,69171954733.3226,2173510694.8285,319.785,4.33
2025-03-17,82610.6175,1.63867e+12,21638031633,1887.76434296928,227688957214.281,9486242392.18133,126.165145276241,64335280377.6373,2798721596.91392,319.785,4.33
2025-03-18,84075.3656,1.6678e+12,19659366247,1929.18335776187,232725366276.399,11251166846.2491,128.279809541344,65460614429.2599,2835104845.29856,319.785,4.33
2025-03-19,82780.03049,1.64258e+12,24557570269,1932.79640590507,233152161415.723,10887619567.3934,125.34406014353,63883571506.458,2936759432.69617,319.785,4.33
2025-03-20,86815.44109,1.72157e+12,33871216993,2060.72860106827,248434080718.191,20374739988.6522,135.622761694254,69135638972.7547,4227937432.46234,319.785,4.33
2025-03-21,84270.84359,1.67255e+12,27579127651,1980.83178052464,238984217654.166,14303790085.6166,127.676264249149,65205449286.3734,2856454079.9876,319.785,4.33
2025-03-22,84009.53292,1.66675e+12,18091004976,1964.52938331683,236980043535.894,9890112887.28202,128.239738224107,65399367439.3875,2682481813.17756,319.785,4.33
2025-03-23,83793.30854,1.66257e+12,7771134682,1979.5449257666,238753335160.584,6195605844.5363,128.391873917719,65538073389.8455,1633225353.20173,319.785,4.33
2025-03-24,85787.70915,1.70201e+12,12617587531,2001.04702309519,241404254258.078,7991413702.67787,132.101068687854,67460845086.9979,1946961909.85831,319.785,4.33
2025-03-25,87327.7297,1.73272e+12,27270889835,2077.73932583198,250648654235.626,15676451247.5468,140.579368773832,71815757431.5701,4982998048.54801,319.785,4.33
2025-03-26,87520.58392,1.73537e+12,30351832943,2068.59843504915,249404519198.064,12563169733.0052,143.93305133739,73627601377.6503,4141256445.10985,319.785,4.33
2025-03-27,86960.85555,1.72485e+12,25522877559,2009.88354329024,242347645799.662,14024859854.9067,137.093342531609,70000923888.0794,3544853266.96595,319.785,4.33
2025-03-28,87227.27158,1.72973e+12,24620445368,2003.30342412921,241580699763.48,12136188059.4227,138.37897933357,70778661497.7489,3091328527.03139,319.785,4.33
2025-03-29,84359.46916,1.67318e+12,31674486232,1896.917360046,228784244898.248,18419487648.3974,129.44621681849,66247008410.8345,3970975243.76908,319.785,4.33
2025-03-30,82679.17255,1.64067e+12,16837439420,1829.27452118035,220262156018.885,12924117064.8788,124.501896580685,63588827540.6773,2655617262.67641,319.785,4.33
2025-03-31,82356.38111,1.634e+12,13428975108,1805.33787794359,217784813538.976,10056531345.1603,124.580649932974,63769548570.9809,1878569311.03226,319.785,4.33
2025-04-01,82514.09365,1.63508e+12,30326148750,1824.20713676098,219908040559.446,17022367813.8888,124.866178428583,64041752306.3846,3728330337.92551,320.302,4.33
2025-04-02,85237.58761,1.6906e+12,29172899852,1907.16715229942,230031614721.634,15899367803.5509,126.806936821151,65013471543.1078,3477738068.39774,320.302,4.33
2025-04-03,82526.42215,1.63736e+12,46332905658,1795.76185056748,216667567217.005,23450470660.9783,118.08550586157,60554316318.7875,6220758262.82065,320.302,4.33
2025-04-04,83163.98757,1.65254e+12,36594464539,1818.28441995421,219762279056.232,16999031833.1586,117.192951884471,60114820903.1458,5474729959.57594,320.302,4.33
2025-04-05,83852.00765,1.66423e+12,35647289400,1814.48077534495,218925876283.936,19459233591.2986,122.713074661957,63119906836.2505,6141157658.85065,320.302,4.33
2025-04-06,83595.8855,1.65602e+12,14910400036,1809.9358271722,217957146409.929,6780827627.54553,120.168382054773,61612075005.7536,1955824996.87254,320.302,4.33
2025-04-07,78211.48358,1.55533e+12,36140377232,1574.63216114556,190295586491.219,23485484227.1617,105.765150137401,54407017309.8724,4396294752.45615,320.302,4.33
2025-04-08,79179.29227,1.58141e+12,82909748173,1555.90981257087,188565143892.714,49416724296.5609,106.79676540561,55287675172.0351,9917012343.48173,320.302,4.33
2025-04-09,76329.09036,1.51504e+12,47812787635,1471.36088543655,177496121145.532,22451028357.3848,105.486546828956,54362173273.3391,6176838846.39861,320.302,4.33
2025-04-10,82622.1703,1.64057e+12,87408220482,1662.53316046416,200623016236.853,41589589714.8499,118.962880631143,61346961564.2666,8239588242.37506,320.302,4.33
2025-04-11,79596.35732,1.58002e+12,41213520154,1523.92862424253,183947227079.426,20486375929.1057,112.886168534046,58222992351.2384,4925583853.03807,320.302,4.33
2025-04-12,83439.28818,1.65587e+12,39813566444,1568.13169012594,189185664203.675,14195085224.7832,121.392495401737,62579152124.3284,4490645224.53226,320.302,4.33
2025-04-13,85305.09728,1.6936e+12,22428929482,1645.86257331565,198696438258.603,11756571644.4764,132.154385296074,68213237375.7002,4651920909.77996,320.302,4.33
2025-04-14,83600.8201,1.65892e+12,28731125718,1595.42274600011,192382635779.778,13775001676.6089,128.234743283537,66179248512.5276,4291450492.45121,320.302,4.33
2025-04-15,84523.45249,1.67784e+12,33155578229,1621.54319559669,195686083638.747,15415724739.8206,129.4218120259,66819953237.0639,5081658904.23696,320.302,4.33
2025-04-16,83656.49249,1.66075e+12,25084671428,1587.82222440214,191837036865.402,11786525215.18,126.303881838809,65196188092.34,3719787998.90047,320.302,4.33
2025-04-17,84105.77942,1.6705e+12,26948109142,1577.70735167601,190419833063.119,13120084885.8662,131.476142793366,67870163137.1705,5101503918.07657,320.302,4.33
2025-04-18,84930.90858,1.68623e+12,19323821375,1583.47644970023,191135638825.237,9437178720.86739,134.615164880852,69481783520.1188,4018737660.85497,320.302,4.33
2025-04-19,84433.75017,1.67637e+12,9550691273,1589.15162082708,191865697060.915,5254078676.87792,133.976088287171,69200358044.8102,2480801560.19361,320.302,4.33
2025-04-20,85126.66244,1.69009e+12,12635983531,1615.05025491586,194945047366.354,5148626529.40277,139.642480146524,72126425869.2927,2834667466.05949,320.302,4.33
2025-04-21,85073.16545,1.68901e+12,12625843856,1585.46002534434,191374869502.394,6695768150.02446,137.631582917983,71115714800.4389,3092429798.99109,320.302,4.33
2025-04-22,87452.04699,1.7357e+12,40070025414,1577.44655959223,190376888818.469,15275062279.3871,136.330397488489,70377196884.1538,4783795038.82826,320.302,4.33
2025-04-23,93576.16589,1.85859e+12,53841992235,1759.70645993111,212582611840.141,24271980430.951,148.803975046427,76994272929.5848,5472749483.47872,320.302,4.33
2025-04-24,93605.45231,1.85866e+12,39901515880,1793.96984948553,216572719914.55,22099177230.6187,150.999910889984,78136958296.327,5423865832.32409,320.302,4.33
2025-04-25,93872.81423,1.8643e+12,30031246761,1769.39251073544,213593284213.582,12923295609.9725,152.329936357606,78834813870.5342,4515150018.57527,320.302,4.33
2025-04-26,94773.11201,1.88212e+12,39336184715,1788.79818043313,215954892518.004,15656748328.7849,150.920088961054,78095157984.6894,5066838746.45371,320.302,4.33
2025-04-27,94644.06637,1.87913e+12,15445392740,1821.26953032914,219830529458.711,10293614895.7765,149.146330839541,77171380425.3479,2422656520.38935,320.302,4.33
2025-04-28,93809.33782,1.86277e+12,15926259371,1793.69184407301,216533502206.271,9632458065.10685,148.246671951135,76723146261.0592,2296538427.65073,320.302,4.33
2025-04-29,95030.60645,1.88707e+12,31913814737,1799.50191449199,217264115049.679,16777384305.8893,147.990833032673,76624350441.3591,4344220983.9733,320.302,4.33
2025-04-30,94256.35946,1.87082e+12,25882629766,1796.97204567689,216596941729.719,13994558644.1187,146.493057551472,75781317345.754,3236163761.82064,320.302,4.33
2025-05-01,94235.75331,1.87135e+12,26541700309,1794.04954086178,216623334477.085,13644627083.2859,147.733483278347,76523027843.3131,3339352715.47285,320.62,4.33
2025-05-02,96426.94522,1.91488e+12,30207566405,1838.85432859258,221969602979.55,14310565589.0527,150.760467028619,78031497674.2626,3739901458.50368,320.62,4.33
2025-05-03,96855.56813,1.92325e+12,23276376191,1841.42759083696,222269022299.282,11686301446.4948,147.972139094468,76659566565.3345,3193090564.19969,320.62,4.33
2025-05-04,95922.86842,1.90489e+12,13797554864,1834.50191187642,221494950784.026,6704990478.82466,146.797548147649,76050416304.2383,1777312803.7801,320.62,4.33
2025-05-05,94326.62049,1.87281e+12,14903122946,1808.1560938441,218216268630.866,7479845748.82853,143.982304032479,74610364597.2674,1839075329.59731,320.62,4.33
2025-05-06,94758.82371,1.88251e+12,24086456278,1820.00445988936,219769896301.201,10545233503.3479,146.81070557079,76081780962.3215,2594552533.47571,320.62,4.33
2025-05-07,96854.53199,1.92364e+12,23348052607,1816.16869438184,219305875804.56,11950393736.5272,146.909387738667,76171920683.023,3138354742.93678,320.62,4.33
2025-05-08,97026.49377,1.92713e+12,64376174032,1810.31692692845,218569578701.422,47111217119.4992,147.2005972666,76417534983.0677,4811988060.66132,320.62,4.33
2025-05-09,103076.2756,2.04788e+12,50020047721,2197.56118932388,264994998215.944,35992825075.054,163.416273175148,84778096844.9683,7618036777.599,320.62,4.33
2025-05-10,102962.5405,2.04505e+12,40800894903,2341.40796300262,282636716534.088,44566779461.5466,172.697076502626,89635021353.6683,8703440319.32711,320.62,4.33
2025-05-11,104630.8793,2.07713e+12,21558992540,2583.68290514295,312095621694.144,29947910159.0289,177.342831970492,92013963177.5248,4641291512.67865,320.62,4.33
2025-05-12,103994.0616,2.06566e+12,27389436049,2507.46931075974,302727255563.513,26138286410.2332,172.857792223294,89780630397.8027,4733142340.0167,320.62,4.33
2025-05-13,102876.8304,2.04435e+12,43090605819,2492.42639107737,300976824863.034,31524626114.9788,174.419501909902,90653796121.9778,8002629811.56962,320.62,4.33
2025-05-14,104184.4904,2.06936e+12,33861432520,2676.63916312791,322977150438.362,32279895881.6378,184.053797771794,95581040460.8069,6287498118.26479,320.62,4.33
2025-05-15,103594.4258,2.0578e+12,28398245847,2603.71808871996,314022060127.05,28150234190.9317,176.455071757998,91672812384.2696,5807895946.60245,320.62,4.33
2025-05-16,103708.8514,2.06014e+12,31823340473,2542.2966924668,306933361055.932,26211434557.7159,168.752697328633,87703070136.7152,5419257075.7862,320.62,4.33
2025-05-17,103556.0349,2.05773e+12,25887953182,2544.38703772357,307619694635.773,21130441534.9664,167.768124049542,87324065441.5924,4389549581.69855,320.62,4.33
2025-05-18,103212.3648,2.05032e+12,18950056010,2475.05439336969,298789831687.001,17185510890.7023,165.939416664198,86258046849.3754,3269429713.77127,320.62,4.33
2025-05-19,106030.6377,2.10489e+12,30744060180,2465.34098561391,296863390804.25,24797434472.3641,171.540674957453,89156663000.2036,4719647862.73409,320.62,4.33
2025-05-20,105629.4158,2.09849e+12,43339734154,2526.98964389132,305077067863.078,25363871274.8251,166.71488134219,86660180885.5397,4917489419.35331,320.62,4.33
2025-05-21,106786.72,2.12178e+12,36393687094,2524.27434331461,304737250158.374,22871462735.4168,168.385729124246,87567636791.6574,4723025924.71606,320.62,4.33
2025-05-22,109665.8637,2.17884e+12,60722883114,2558.95023437695,308934701949.715,32697477527.547,173.967714347655,90506196649.1179,6215139156.97767,320.62,4.33
2025-05-23,111560.3569,2.21471e+12,52218408239,2657.16744475661,320733890913.399,29592612076.5055,179.578844867503,93401318404.666,5820960214.75907,320.62,4.33
2025-05-24,107216.6686,2.1316e+12,49251745838,2519.81380904514,304038733414.04,30047329191.5037,174.435669675198,90766229737.0282,8631193319.54767,320.62,4.33
2025-05-25,107831.3637,2.14254e+12,27128230117,2529.44298422844,305369227833.422,10744994421.1927,175.997617639685,91595150534.4116,3543822748.1901,320.62,4.33
2025-05-26,108861.8104,2.16307e+12,29652659665,2546.62011633709,307423642894.065,13814697849.7263,175.132039187263,91110205286.3845,3915382381.1559,320.62,4.33
2025-05-27,109377.7151,2.17306e+12,27950577138,2562.17292863922,309319360637.784,13350148034.2936,174.716722044515,90921624705.8187,3202505989.78816,320.62,4.33
2025-05-28,109068.4569,2.16755e+12,38978783509,2662.09405682414,321357595434.522,26434151855.2539,176.57784495904,91885206177.4188,4151034839.08189,320.62,4.33
2025-05-29,107838.1843,2.14334e+12,29794278037,2676.2674124507,323119009777.139,18008588586.2841,172.120734109948,89626729703.3272,3798038676.28624,320.62,4.33
2025-05-30,105745.4166,2.10135e+12,38279231893,2633.13920652867,317891224562.881,27021441335.5195,166.838945937266,86843428994.4234,3849498974.46916,320.62,4.33
2025-05-31,104010.9196,2.06683e+12,39680060338,2524.47623480507,304659964725.219,22927149330.3047,156.512629632045,81757475086.8689,4811893138.1656,320.62,4.33
2025-06-01,104687.5074,2.08047e+12,20432694555,2532.36278530909,305718505778.764,13006751258.1877,156.869685380837,81936330847.3444,3067057498.65705,321.435,4.33
2025-06-02,105710.0059,2.10118e+12,17721500508,2538.33005843675,306561765778.24,11338340571.1125,157.630921851533,82343946258.3664,2744309615.284,321.435,4.33
2025-06-03,105884.7426,2.10423e+12,26313843059,2609.73725395943,314999579353.958,15623967732.4187,156.971261576158,81999316408.5183,3295032805.67504,321.435,4.33
2025-06-04,105434.4775,2.09529e+12,25925661121,2595.4689570063,313315832347.017,15955008730.3382,155.576092945351,81296707387.0744,4001215457.2707,321.435,4.33
2025-06-05,104812.9182,2.08315e+12,25812143563,2610.34318982826,315159803382.89,16809606446.1764,153.529333346588,80445464948.662,2894328554.84747,321.435,4.33
2025-06-06,101650.7388,2.02029e+12,39711941132,2421.6011037635,292341916400.946,25849573159.6482,144.547785240309,75763092323.7768,5147783563.00237,321.435,4.33
2025-06-07,104409.7497,2.07518e+12,29897390978,2481.40398366903,299560106673.757,18395107930.4766,148.27289869883,77715710807.2098,3081994292.81561,321.435,4.33
2025-06-08,105681.4546,2.10055e+12,17749731309,2526.29199588978,304953508465.046,9535426814.69193,150.075360342302,78768382382.3857,2061571442.49944,321.435,4.33
2025-06-09,105692.2474,2.10065e+12,16044679696,2508.78412358458,302870081038.261,10206893115.5373,152.50446458829,80043272922.8385,2132215310.90071,321.435,4.33
2025-06-10,110261.5749,2.19188e+12,38222993298,2685.00018504132,324315565109.12,19485734665.2855,161.15980951266,84589937775.1626,4008837628.69896,321.435,4.33
2025-06-11,110212.7325,2.18935e+12,36303839183,2808.50320831492,339012253954.424,38281210143.9511,164.964422569729,86571332860.4533,5347282400.77043,321.435,4.33
2025-06-12,108679.9761,2.15953e+12,30338936632,2776.13719158223,334990282503.402,27369030837.5486,161.019866395579,84533356127.9884,5796688364.49255,321.435,4.33
2025-06-13,105979.229,2.10791e+12,35865159511,2653.15896845267,320595535562.532,26068993569.9699,152.6604566097,80285894233.0695,3971540185.9589,321.435,4.33
2025-06-14,106045.5644,2.10797e+12,49471015506,2577.04861752583,311111352117.726,38576471746.0081,148.530428591043,78374298079.131,6899166919.42432,321.435,4.33
2025-06-15,105482.9061,2.09749e+12,17916412456,2534.07021953595,306048481935.159,12077031034.2915,144.751545942233,76395263029.6604,2347896839.35581,321.435,4.33
2025-06-16,105554.4938,2.0985e+12,16568441853,2547.84560409204,307537228689.268,11678912429.5107,152.684889859998,80585766786.4504,3899774764.53846,321.435,4.33
2025-06-17,106951.272,2.1279e+12,32095957012,2561.32984356943,309982828015.906,24222149649.1724,151.43554856187,79959725924.2985,5091508004.19779,321.435,4.33
2025-06-18,104683.4248,2.08097e+12,38603212011,2514.98670057615,303697873489.694,25926506708.0402,147.991884342995,78146853122.1583,5049196750.59936,321.435,4.33
2025-06-19,104722.6951,2.08168e+12,30339326410,2521.33342339649,304290652058.44,17800721253.2432,146.276976743993,77197222250.0914,4140075680.66936,321.435,4.33
2025-06-20,104690.65,2.08136e+12,18063282658,2522.17919036422,304481216643.121,10392473841.1559,147.099245204571,77672175553.7822,3317445622.02261,321.435,4.33
2025-06-21,103290.1051,2.05412e+12,30632751225,2405.69543421318,290401843920.233,20482816663.2947,140.040090549618,74352627907.4749,4927733598.47951,321.435,4.33
2025-06-22,101532.5684,2.01742e+12,21644463199,2270.58199605559,273839538572.26,16155611764.8483,133.710001964127,70788027179.8451,3965117683.28705,321.435,4.33
2025-06-23,100852.5826,2.00518e+12,51287142390,2227.42872663717,268777741291.44,28181442532.3159,131.813474486657,70035052662.1332,6034851129.18809,321.435,4.33
2025-06-24,105511.6244,2.09774e+12,50011797129,2423.89964426861,292612668627.388,25494295400.4209,144.7815680116,76913532127.4357,6803245546.16626,321.435,4.33
2025-06-25,105976.0693,2.10711e+12,31704641077,2446.53930154505,295402538889.655,19669025068.9636,145.801950747422,77418435219.1453,4365577695.25867,321.435,4.33
2025-06-26,107238.5305,2.13214e+12,30468274982,2417.22678552773,291827501114.879,15513055665.2624,143.370119538799,76592225935.4195,3632253966.77761,321.435,4.33
2025-06-27,106984.0125,2.12729e+12,24320699663,2415.03186487659,291547094716.217,16271811388.7238,138.97799072607,74258601216.0972,4094443190.48282,321.435,4.33
2025-06-28,107078.9156,2.12902e+12,25194306262,2423.03028967317,292419308271.867,13100825617.8166,142.126758097138,75946935362.8536,3884472749.84188,321.435,4.33
2025-06-29,107331.5855,2.13424e+12,8960877694,2437.13300178024,294208600645.254,5787313890.54164,150.781237256359,80534347465.0865,3480663753.86231,321.435,4.33
2025-06-30,108396.6163,2.15518e+12,14881078675,2502.66727211771,302158279316.217,10236257918.8331,153.318795593089,81941734208.356,3034669713.02572,321.435,4.33
2025-07-01,107132.7991,2.13047e+12,22489515582,2488.1907816898,300388851494.499,16306915984.9381,154.937450069481,82818070628.0388,5839631136.99753,322.169,4.33
2025-07-02,105613.3997,2.10009e+12,25033160828,2405.10455928002,290294455719.481,12933967031.5244,146.84115991278,78488996165.022,4180937195.69903,322.169,4.33
2025-07-03,108824.4442,2.16384e+12,36395184773,2574.06771849513,310930535640.431,21862573614.1797,152.168032918848,81356182087.8262,4586707670.74912,322.169,4.33
2025-07-04,109602.2048,2.17966e+12,29892049538,2590.13223159022,312621047413.045,19823369642.6261,152.280638069808,81414932798.539,4481298325.4622,322.169,4.33
2025-07-05,108040.8919,2.1486e+12,24248906785,2509.23634578336,302827514359.61,16377116416.187,147.763029560482,79002678553.638,4122205670.42606,322.169,4.33
2025-07-06,108217.4685,2.15234e+12,10042942281,2517.37917835065,304028836772.573,6801276942.28449,147.600671709522,78946152630.5042,1854457228.57747,322.169,4.33
2025-07-07,109215.1977,2.1715e+12,14638669497,2571.35819211598,310345645222.751,9051659015.94997,151.921039687437,81209567201.7977,3555730137.12777,322.169,4.33
2025-07-08,108300.7168,2.15378e+12,25493246476,2543.63170280675,307013209348.505,15947822897.0492,148.79005045486,79678109116.4223,4159999387.58441,322.169,4.33
2025-07-09,108953.1919,2.16705e+12,20488865138,2615.7759888945,315738597830.343,14750377128.5813,151.830834004858,81344510607.3662,4528768718.25745,322.169,4.33
2025-07-10,111327.5305,2.21521e+12,37078460441,2772.57956266092,335050165487.704,26626246774.2447,157.207721937639,84264481217.4576,5340601044.88377,322.169,4.33
2025-07-11,115879.6503,2.30329e+12,56204086624,2948.44620270291,355346738000.495,39308824585.2313,163.858213804426,87651094464.5833,10873010259.8952,322.169,4.33
2025-07-12,117571.0251,2.33861e+12,64185145924,2958.8514450991,357144054434.915,42455550664.5547,162.753193980028,87228696845.6949,15000208185.3699,322.169,4.33
2025-07-13,117418.9575,2.33549e+12,24351256098,2942.96160553881,355216449018.516,17472135946.6035,160.469178122126,85990922452.4554,7427115213.71298,322.169,4.33
2025-07-14,119117.5567,2.36905e+12,27310851455,2974.26549523334,359110100026.357,18605172049.0878,161.242629457898,86379646790.381,7216327088.35558,322.169,4.33
2025-07-15,119833.6745,2.38383e+12,68915956379,3012.17970690593,363606274489.509,41336421998.0441,162.282222404857,87012722669.0132,14500503326.7985,322.169,4.33
2025-07-16,117678.1949,2.34122e+12,80299520980,3133.06985774701,378233206915.816,43416230283.766,163.965830572131,87943386177.5626,12915906103.6833,322.169,4.33
2025-07-17,118748.1627,2.36319e+12,50374263849,3368.12652152611,406599729410.538,54882159731.0286,173.828964747432,93485435152.3685,17811143762.3082,322.169,4.33
2025-07-18,119445.3652,2.37624e+12,49282617206,3481.8828152374,420347293649.251,45678965280.6666,176.09764534683,94705914575.063,16421519782.1141,322.169,4.33
2025-07-19,117988.9466,2.34717e+12,58896449261,3547.31707900121,427841866746.571,72535524453.9802,177.369798744158,95389053896.8432,18801332820.7372,322.169,4.33
2025-07-20,117901.6266,2.3454e+12,23934511126,3594.31850108097,433877664505.941,27017909119.3848,176.910827338838,95159016657.7261,8109077838.04314,322.169,4.33
2025-07-21,117256.9208,2.33376e+12,36702153882,3758.60558181396,453825859015.215,55175056732.0909,180.992231286129,97369774805.6155,13879156359.5954,322.169,4.33
2025-07-22,117482.4698,2.33737e+12,46344384345,3765.45362402357,454513156113.664,47245582310.6099,196.423811678026,105726477497.216,23536247199.5518,322.169,4.33
2025-07-23,119955.7957,2.38752e+12,58939000421,3746.94066873163,452355960897.774,52357062545.1939,205.2909062553,110388822982.473,33288976911.7584,322.169,4.33
2025-07-24,118629.0559,2.35993e+12,45225685168,3630.05353148092,438111570682.855,47655045407.8986,189.592302353013,102009512597.667,22842746849.5666,322.169,4.33
2025-07-25,118354.4352,2.35476e+12,51940414419,3708.42993523834,447620332487.873,47332291813.0117,182.56084286755,98288901831.985,19515303060.8017,322.169,4.33
2025-07-26,117540.8084,2.33886e+12,91617702596,3723.05290927856,449379722345.436,48622472830.1233,186.171825499349,100191430260.794,17804092124.2952,322.169,4.33
2025-07-27,117959.5423,2.34696e+12,25145925064,3742.43142586599,451746443518.379,25352434514.73,184.939583750893,99537260340.7252,6066268600.66403,322.169,4.33
2025-07-28,119418.9141,2.37652e+12,30220402191,3864.12483746548,466077664312.275,26045280361.3132,188.57582872198,101416340780.406,7055013487.19419,322.169,4.33
2025-07-29,118003.302,2.34947e+12,43433742204,3786.30384599596,457680388920.669,38743589826.4213,183.03025266261,98532622033.5584,11859569057.8971,322.169,4.33
2025-07-30,117853.3089,2.34513e+12,42860287144,3788.59837160582,457213828532.119,34923369443.8746,181.167764595331,97454126235.8295,5784849447.91054,322.169,4.33
2025-07-31,117833.2409,2.34372e+12,43054424657,3807.41660108242,459449027043.402,28710848449.746,177.878096027632,95607702499.411,6340104641.55654,322.169,4.33
2025-08-01,115700.0024,2.3022e+12,45238249453,3696.66285308512,446264222707.444,31312115686.8963,172.16304673643,92708865239.7006,5648090381.56208,323.291,4.33
2025-08-02,113234.6051,2.25361e+12,65794680822,3483.17895515795,420327732498.145,42431734230.1509,162.791272480816,87608862241.0974,8524308824.14116,323.291,4.33
2025-08-03,112554.9023,2.24041e+12,33543439044,3397.48554841432,410229849339.571,28164675444.896,158.531251759325,85419275441.3688,3493829006.11788,323.291,4.33
2025-08-04,114199.1097,2.2728e+12,24689273719,3497.5731278224,422223994717.472,18338718249.1741,161.903123876114,87127911992.5194,3799213534.62208,323.291,4.33
2025-08-05,115138.6861,2.2924e+12,32488023583,3715.70901485507,448517239894.43,28536476594.9539,169.415220284272,91187068515.655,5184477262.42984,323.291,4.33
2025-08-06,114128.3541,2.27158e+12,37316213252,3612.44243223667,436373875222.19,29411744198.3676,164.083568573089,88366756321.0678,4990165298.96487,323.291,4.33
2025-08-07,115022.0958,2.2893e+12,32052509631,3684.04591957267,444737780081.907,23256150904.8779,168.173195852998,90602300378.8986,3925170891.21005,323.291,4.33
2025-08-08,117463.4745,2.33773e+12,38289687095,3911.26094626908,471838906504.679,31981627910.7064,175.385148031134,94555506562.206,4922490352.0849,323.291,4.33
2025-08-09,116688.3666,2.32303e+12,33017415813,4012.97697001236,484483868122.177,37861934037.3479,176.795352261182,95358552408.137,6314967732.26766,323.291,4.33
2025-08-10,116510.0839,2.31882e+12,27638785406,4265.56325833352,514414914903.261,37686735734.6687,180.386383126451,97273757979.2963,5151414730.8922,323.291,4.33
2025-08-11,119266.9252,2.3741e+12,37157754755,4253.59161895119,513073639261.618,26481154882.3042,182.90895074757,98680797069.3202,6526899522.84593,323.291,4.33
2025-08-12,118773.7996,2.36406e+12,61739781528,4228.82421326116,510225780028.624,43010572110.8826,175.045126407962,94446838456.5196,7218575660.6579,323.291,4.33
2025-08-13,120202.5349,2.39285e+12,46941089790,4606.80942770952,556502855391.519,52840297700.5949,192.594127924281,103958446553.555,8241598209.65132,323.291,4.33
2025-08-14,123560.9936,2.4589e+12,61818118106,4763.65253532216,575091067506.121,58870844448.5935,201.818687739503,109040519317.654,12032742881.3403,323.291,4.33
2025-08-15,118405.5958,2.36004e+12,73822008368,4554.29150153862,551514703070.465,66924319529.1844,192.756804054001,104086483120.69,14504164931.3005,323.291,4.33
2025-08-16,117339.7919,2.33529e+12,44268714220,4430.53246501784,534578587192.134,50038927770.6396,185.599695163803,100133112662.545,8453295249.34553,323.291,4.33
2025-08-17,117501.2165,2.33947e+12,23202714237,4426.82691331133,534150282399.651,21104759591.0615,189.76942306168,102341194195.001,4463139739.11139,323.291,4.33
2025-08-18,117542.8369,2.34065e+12,20906566027,4487.11801375923,541923097741.914,28100356151.3825,191.640989873749,103498590849.651,4337337967.24578,323.291,4.33
2025-08-19,116256.4128,2.31356e+12,47337926941,4317.27575732823,520793172158.057,43935703176.2201,183.013038122909,98839575359.5238,6404055055.13972,323.291,4.33
2025-08-20,112778.3448,2.24542e+12,46156885037,4074.49578610052,491872355111.469,41626342123.3855,176.400224566736,95269629007.2067,6012864665.83055,323.291,4.33
2025-08-21,114252.3976,2.27447e+12,42166369117,4330.49159876808,523004794309.381,39857177022.8443,187.266943975186,101153138629.376,6232892656.02794,323.291,4.33
2025-08-22,112414.3999,2.23812e+12,32048202091,4224.4385925807,509951239220.542,21703206731.8316,180.242970512062,97284344052.6148,5352469255.96975,323.291,4.33
2025-08-23,116834.2495,2.32617e+12,50878158871,4829.22554179833,582817007170.418,61856673933.0488,200.260586500506,108194143822.492,10127448099.9828,323.291,4.33
2025-08-24,115359.9835,2.29679e+12,27306719885,4773.88408859878,576242312916.049,27814037595.0946,204.019316096222,110265793443.073,7707066769.14866,323.291,4.33
2025-08-25,113399.5485,2.25966e+12,40682656777,4778.10916071381,577227233251.873,41157770217.9802,205.880907464261,111293086915.602,11192452947.4142,323.291,4.33
2025-08-26,110185.3544,2.19445e+12,52854872364,4381.62617607147,529509245849.714,48217069690.8854,187.185253151618,101136116915.88,12382673799.1537,323.291,4.33
2025-08-27,111842.71,2.22703e+12,43023800053,4602.36968533397,555061696726.733,35263906282.1765,195.985796907052,105940691853.635,8074057190.3557,323.291,4.33
2025-08-28,111216.0848,2.21526e+12,36957904263,4500.14514799823,543608856125.465,35898825608.2956,203.29341765414,109858006061.394,12654160502.6759,323.291,4.33
2025-08-29,112525.5974,2.23942e+12,34222495087,4507.56043103272,543249516158.124,29189873860.2279,214.54958917125,116004977345.013,12259075336.9681,323.291,4.33
2025-08-30,108480.3067,2.16028e+12,51702115726,4364.35852143043,526830870964.312,38006835596.3285,205.083353169411,110856000021.062,13457457307.8132,323.291,4.33
2025-08-31,108781.9573,2.16617e+12,27799981331,4373.36035762091,527539496668.252,19199178188.1003,202.710141977993,109624145394.802,5916828358.74008,323.291,4.33
2025-09-01,108253.3609,2.15569e+12,26140904019,4388.93146451936,529740073153.048,22269795530.7239,200.900994622824,108641493698.233,5119565154.10943,324.245,4.22
2025-09-02,109162.6856,2.1741e+12,42999610648,4303.20222274554,519534784996.718,31725195638.8444,196.88381950999,106414197827.885,7408407557.52786,324.245,4.22
2025-09-03,111190.1821,2.2126e+12,50235464643,4325.85630622594,521450862214.859,32990260980.3412,209.230367159557,113196213823.185,8803333414.35032,324.245,4.22
2025-09-04,111711.5198,2.22537e+12,36406080683,4449.86709772833,537549763927.138,30818352470.8417,210.678785187558,113974936294.583,6956952790.24708,324.245,4.22
2025-09-05,110724.7364,2.20405e+12,38708366685,4298.0946605446,519319443328.149,29893273380.0764,202.685562461319,109721137208.397,5057527125.78755,324.245,4.22
2025-09-06,110662.1811,2.20405e+12,56020470627,4306.61351310035,519830732357.038,37950930494.8232,203.479136779819,110114510867.437,7547177831.70622,324.245,4.22
2025-09-07,110209.1888,2.19529e+12,19340758702,4273.11002415784,515852185188.919,14497961323.192,200.186659370359,108362930311.831,2968164693.61681,324.245,4.22
2025-09-08,111131.9924,2.21376e+12,22147049159,4304.03242107604,519663340480.021,14920604279.6167,206.518488468564,111936108428.271,4213958987.24997,324.245,4.22
2025-09-09,112025.1288,2.23176e+12,37159847900,4309.685702772,519912892077.154,26393884729.7539,214.089566906653,116026061901.424,9970745423.35714,324.245,4.22
2025-09-10,111547.4396,2.22203e+12,45338021458,4309.34274612001,520461727067.364,28408982228.1704,217.385186047676,117845247298.939,9082166653.74413,324.245,4.22
2025-09-11,113975.3249,2.27024e+12,52205187155,4347.47680367066,524803924739.003,34848418445.626,223.999656875189,121443927715.772,9538303334.00484,324.245,4.22
2025-09-12,115503.1666,2.29976e+12,43752917633,4459.31901599882,538261336997.613,33593064568.9605,228.699480309849,123996407786.318,10115240805.1362,324.245,4.22
2025-09-13,116160.1434,2.31435e+12,51192951486,4708.84174415,567724477218.357,39138140052.5874,242.258246288453,131451215438.386,13331440399.4453,324.245,4.22
2025-09-14,115970.5849,2.31017e+12,30063858748,4667.69965263032,563397805739.79,30452117451.6836,242.667599084721,131625546341.21,7460431580.74643,324.245,4.22
2025-09-15,115373.5556,2.29746e+12,26889399415,4609.78611095078,556354045428.222,23827529566.9039,240.519102141236,130492671181.885,9641527089.21379,324.245,4.22
2025-09-16,115397.2527,2.29798e+12,46947581231,4524.24493910251,545926863107.319,33863743706.691,233.835816954866,126723030988.811,10189245912.0765,324.245,4.22
2025-09-17,116762.8497,2.32533e+12,39964451595,4504.26663552281,543407922913.008,28053763147.06,237.003223529463,128913223473.073,7606193246.9261,324.245,4.22
2025-09-18,116455.9465,2.32158e+12,54740952295,4591.76879433133,554600592896.179,41727122821.7689,244.947030559198,133012651049.573,10904096063.2062,324.245,4.22
2025-09-19,117145.4951,2.33371e+12,43642467075,4590.63673721352,554210013387.614,29381752919.131,247.556262018205,134328267645.074,9525238920.41541,324.245,4.22
2025-09-20,115655.8105,2.30347e+12,34296721252,4470.47947400939,539242810184.069,28156319659.2673,238.338235511459,129345335675.591,7795423019.89401,324.245,4.22
2025-09-21,115715.5154,2.30537e+12,18774953731,4481.79947236821,540941822331.274,14314030981.4541,239.46337999355,130034859270.977,3643828369.39499,324.245,4.22
2025-09-22,115304.48,2.29733e+12,18659113982,4452.87113037789,537406899904.397,15910684640.5819,236.648678542504,128569320517.271,3625096944.45252,324.245,4.22
2025-09-23,112696.741,2.24593e+12,69152342029,4199.95177401764,507148578276.271,52988093949.5823,220.336921918389,119686369996.936,12282736836.312,324.245,4.22
2025-09-24,112022.1659,2.23269e+12,46154878824,4166.19054987753,503209949445.434,29902684711.8101,214.179252678964,116518133817.565,7575651795.11587,324.245,4.22
2025-09-25,113320.5691,2.25774e+12,46677543220,4148.65682762035,500734284408.361,29988924904.5822,211.59608812685,115032433454.733,8445521212.73921,324.245,4.22
2025-09-26,108963.5301,2.17195e+12,74481796351,3863.06328759072,466825639887.383,63461265827.1959,192.181653570786,104476128475.996,12016864135.3475,324.245,4.22
2025-09-27,109710.2087,2.18587e+12,55257214021,4037.09792102609,486889364203.27,43443403793.8523,205.119945492151,111442276251.76,10264035473.4661,324.245,4.22
2025-09-28,109654.8102,2.1852e+12,23294896964,4018.16745310573,485207355886.11,17011629273.3671,203.574924733791,110625886749.888,4017566336.8666,324.245,4.22
2025-09-29,112142.5736,2.2358e+12,31274654339,4141.8396640865,499628731251.123,21656522951.6247,210.74504813789,114541266794.958,4489384967.1313,324.245,4.22
2025-09-30,114309.1504,2.27836e+12,57833295883,4215.61278947927,508909498092.119,34604598514.675,212.929556815303,115729984092.681,6935052896.50192,324.245,4.22
2025-10-01,114024.2278,2.27214e+12,57718901821,4144.23046337158,500218841768.296,34013325290.4977,208.699294488173,113428586887.755,7027033380.10204,324.245,4.09
2025-10-02,118503.2445,2.35957e+12,69920179085,4343.95198344049,524308225825.147,42741046618.5616,221.218883338976,120044760192.738,8473857082.5855,324.245,4.09
2025-10-03,120611.7191,2.39952e+12,71252850673,4484.00624590948,540553843152.336,41104321433.1196,234.616743609162,127362028246.189,10240423698.7139,324.245,4.09
2025-10-04,122250.1519,2.43696e+12,83155430409,4515.75906815972,545075315730.448,45970576945.0969,233.064580246805,127150990208.835,9409846313.93892,324.245,4.09
2025-10-05,122380.9371,2.43883e+12,35161626562,4487.70665167328,541611848322.799,20597928707.8652,227.939059539051,124310880122.601,4629724693.37607,324.245,4.09
2025-10-06,123506.1852,2.46122e+12,72011486031,4515.3213919653,545075062109.961,40355486904.3112,228.544321102671,124722639864.908,7161162365.90473,324.245,4.09
2025-10-07,124773.5082,2.48607e+12,69605991065,4689.1317347466,566339901682.953,41164885082.6579,232.596801236087,126917886067.398,7565905967.51475,324.245,4.09
2025-10-08,121518.7559,2.42194e+12,76087884720,4454.32846286666,537522914209.851,49804861778.9329,220.923253535141,120651918153.053,9428620255.99505,324.245,4.09
2025-10-09,123352.5049,2.459e+12,62576032795,4527.57800454795,546454608029.648,36623453162.8216,229.062809072813,125078490889.534,7378938614.69714,324.245,4.09
2025-10-10,121698.0307,2.42329e+12,72097306669,4368.64943938532,527213250874.583,42731695438.8799,220.806500819001,120565130574.607,7926447520.06807,324.245,4.09
2025-10-11,113201.7406,2.26566e+12,1.51002e+11,3835.63284205013,463578765352.864,90784076986.425,189.891295256884,104753731395.586,16979196402.7612,324.245,4.09
2025-10-12,110853.1166,2.2114e+12,1.08644e+11,3749.21818595495,453043143808.867,54140013164.1983,178.306230770353,97463291611.2289,12825283650.4028,324.245,4.09
2025-10-13,115189.5715,2.29472e+12,93857100744,4159.72930779192,501175375996.802,57642806541.6137,197.039973802879,107553280810.072,12182439886.8066,324.245,4.09
2025-10-14,115222.283,2.29686e+12,68935270367,4246.21746155477,512317800004.745,46426992105.1669,207.929280814082,113600150801.755,11548480550.9977,324.245,4.09
2025-10-15,113156.5694,2.25755e+12,91211854989,4128.88844703395,498801738230.506,62876294833.9764,202.778287928837,111004502175.881,13553378827.2385,324.245,4.09
2025-10-16,110708.6696,2.20774e+12,68877328886,3983.15443568942,480502921991.177,44806571765.1694,193.962792145606,106135409373.77,9764892301.79635,324.245,4.09
2025-10-17,108076.7286,2.15496e+12,84773160808,3890.19930124799,469582926617.416,44673230678.7307,184.574066869236,100920180313.753,9925743378.18117,324.245,4.09
2025-10-18,106443.6119,2.12302e+12,94325236795,3831.24417583567,462727285553.625,52519500424.672,182.070521414003,99584853701.8971,10314262292.9234,324.245,4.09
2025-10-19,107156.0034,2.13558e+12,34412835720,3889.49903020432,469204461222.866,19845543405.3855,187.558703716023,102547391633.918,4080705643.63659,324.245,4.09
2025-10-20,108621.1349,2.16537e+12,45373692612,3985.07656440468,480734836101.84,29233928200.2202,187.620958130651,102473799864.33,4866494598.22085,324.245,4.09
2025-10-21,110608.5715,2.20557e+12,60452111148,3978.79015513444,480395580826.995,35767064768.0073,189.834908098016,103759163273.002,6130975032.123,324.245,4.09
2025-10-22,108486.1026,2.16241e+12,1.05841e+11,3877.48719795501,467810730089.432,46069514674.1589,185.789920710571,101503754154.968,8140307547.66638,324.245,4.09
2025-10-23,107618.4267,2.14577e+12,83996418126,3801.79079523829,458856134706.022,41712359613.7061,180.026454182658,98365559775.7227,7331527656.70634,324.245,4.09
2025-10-24,110048.5183,2.1939e+12,56192643014,3855.84211624012,465361564940.013,32116755772.619,191.424173711856,105126704771.484,6328717665.98208,324.245,4.09
2025-10-25,110997.8044,2.21331e+12,49120903424,3933.23226990102,474759372126.458,30026152396.5702,193.475663886539,106277703611.562,5836419855.50774,324.245,4.09
2025-10-26,111620.3094,2.22486e+12,23214874411,3952.21355793558,477319399731.492,12389144280.8248,194.011016152678,106640787914.341,3143145861.32485,324.245,4.09
2025-10-27,114476.0123,2.28369e+12,42483268634,4161.59089624925,502918445052.519,25813518444.0085,200.070956844382,110015344814.024,4807959121.51923,324.245,4.09
2025-10-28,114182.7944,2.27624e+12,63764801511,4123.20622067168,497221249584.586,36948961061.031,198.811301129617,109185355497.746,6699989320.19829,324.245,4.09
2025-10-29,112950.3486,2.254e+12,66299512352,3982.31278931754,481161348044.656,35659878225.7007,194.405316819847,106812830000.237,8022554748.3052,324.245,4.09
2025-10-30,110046.6693,2.19475e+12,64235327509,3897.35926761696,470349941761.835,33522381291.7697,194.220603777425,106654590061.021,8179014087.80219,324.245,4.09
2025-10-31,108240.7653,2.1578e+12,72648897660,3802.29536453318,458793317252.398,36685058456.4792,184.286371113261,101142410783.165,8507378052.63004,324.245,4.09
2025-11-01,109573.9056,2.18519e+12,58800487941,3847.2981773652,464417354244.419,32814597904.0795,187.262746767283,103442974150.531,5793893051.80111,325.063,3.88
2025-11-02,110014.1356,2.19408e+12,24938475578,3872.21189619576,467387016348.605,12518543682.643,186.355650672531,102961761123.636,2712449199.87982,325.063,3.88
2025-11-03,110650.2093,2.20185e+12,35098774844,3910.09476916273,471549372393.211,15511617607.5022,187.196324659858,103265155078.902,3242429378.75383,325.063,3.88
2025-11-04,106521.0867,2.12366e+12,75068433318,3600.71550248779,434149656995.1,47914058739.6887,165.927189594073,91638592574.9223,9778486257.67638,325.063,3.88
2025-11-05,101635.274,2.02609e+12,1.08966e+11,3296.74376043131,397489340792.35,68784285690.8713,155.513438054932,85947115263.939,11455410012.21,325.063,3.88
2025-11-06,103877.9597,2.073e+12,77083907217,3427.69059137068,413918683595.608,44374527842.8568,162.646169885232,89955932106.8124,6883947244.13202,325.063,3.88
2025-11-07,101322.6403,2.01915e+12,64118217250,3308.91816492195,399007356776.529,33880974985.8221,154.848893884433,85562556342.3965,5556988830.54856,325.063,3.88
2025-11-08,103396.0842,2.06302e+12,93627003785,3434.35122852996,414691375367.594,38972602140.8499,161.877607758086,89680212829.8455,6640253853.03568,325.063,3.88
2025-11-09,102290.1371,2.04e+12,51095924202,3401.45940033971,410599145957.868,20876971421.9016,158.156188658323,87566175479.2253,3787812871.60246,325.063,3.88
2025-11-10,104709.6786,2.08642e+12,59952468438,3576.25470466271,431294295578.235,25994213654.3689,164.26842094537,90880757292.0812,4600362342.42859,325.063,3.88
2025-11-11,105909.0727,2.11275e+12,67546556820,3564.61059579993,430271977432.513,31866555691.6727,167.548409179265,92866398678.9838,5572975599.61728,325.063,3.88
2025-11-12,102960.7756,2.05322e+12,71008299179,3416.78132825932,411969837331.597,36501187500.2374,154.346287546985,85546876438.3736,6119928731.13814,325.063,3.88
2025-11-13,101521.7086,2.02584e+12,63332414143,3409.61445554116,411695018306.399,31722707429.9191,153.195150433626,84852474992.5143,5898647664.68614,325.063,3.88
2025-11-14,99730.4534,1.99617e+12,1.00463e+11,3235.72763629685,392354946592.35,47957135381.4306,145.155807848028,80581216086.6699,7303794089.64275,325.063,3.88
2025-11-15,94456.39368,1.8918e+12,1.13198e+11,3106.60128786505,376914348602.968,45035057857.2253,139.002764470478,77119490344.9607,8537259511.22463,325.063,3.88
2025-11-16,95508.3102,1.90523e+12,39062120798,3170.11298074047,382460593691.136,19159039393.7973,139.591457071752,77375030096.2723,3515375946.07855,325.063,3.88
2025-11-17,94411.32947,1.88324e+12,72645149973,3101.686799467,374435480317.166,30332766567.57,137.497572973952,76214849400.6984,4915090778.81119,325.063,3.88
2025-11-18,92036.7255,1.83546e+12,95794596045,3021.30215763013,364584346775.16,39723178401.3899,130.688587640329,72426094213.6528,7514441110.72882,325.063,3.88
2025-11-19,92819.75922,1.85123e+12,1.03837e+11,3117.22258715832,375944681644.458,40531057646.6595,140.601554564781,77934016916.1926,7721886683.59112,325.063,3.88
2025-11-20,91363.27839,1.82006e+12,82897875507,3017.7483614098,363582387251.946,39173261740.0315,136.434705136878,75584893191.2188,6188944241.96692,325.063,3.88
2025-11-21,86649.97258,1.73126e+12,99171039191,2832.06835833429,342850824587.947,41625324784.9639,133.603375001653,74844768194.7072,8684394409.12616,325.063,3.88
2025-11-22,85051.80193,1.69772e+12,1.35093e+11,2764.73521867517,333838550169.911,49920072209.1785,128.484014214655,71848950731.7357,10313891229.2181,325.063,3.88
2025-11-23,84682.62429,1.69056e+12,42644968955,2768.61782949964,334406681065.53,15277324087.1223,127.628068068569,71349952756.825,3630542144.09418,325.063,3.88
2025-11-24,86783.84767,1.73223e+12,60446592409,2799.81493409246,338053142179.3,20170660685.0788,130.84897517738,73167233648.1783,3991552010.3336,325.063,3.88
2025-11-25,88229.35741,1.76156e+12,77606296173,2953.32764575223,357075035362.908,32699089921.1783,138.367713050764,77367322523.6576,6431600335.73557,325.063,3.88
2025-11-26,87310.3316,1.74216e+12,67956444142,2955.04646932127,356667974212.062,23359001752.7805,139.006209206261,77771514073.107,4808709077.41163,325.063,3.88
2025-11-27,90474.22678,1.80644e+12,69690430588,3027.47724913255,365169111971.856,21096541004.2691,142.92252259467,79924794823.5722,5998548898.05682,325.063,3.88
2025-11-28,91279.06057,1.82178e+12,59295194348,3015.61181969209,364039549664.828,16563145331.4376,140.82989401426,78777617550.5348,3819216595.13319,325.063,3.88
2025-11-29,90950.37696,1.81492e+12,62833195067,3033.13564541415,366085841851.638,20184482703.1633,137.468338041533,76938097243.954,5365486933.184,325.063,3.88
2025-11-30,90841.45258,1.81277e+12,39253888202,2991.23301170326,361028197396.325,12634811464.6038,136.088751453669,76118417197.8722,2718227800.81102,325.063,3.88
2025-12-01,90406.28449,1.80782e+12,40334819410,2992.8341859496,361717332403.25,11969903297.073,134.577164219079,75637190873.427,3460372072.93585,326.031,3.72
2025-12-02,86281.4952,1.72355e+12,92988982967,2799.03679199016,338070271128.479,37491168510.0945,126.747198184425,70966196633.8435,6851062003.63989,326.031,3.72
2025-12-03,91344.73275,1.82484e+12,83138039129,2995.75114932277,362328288750.468,27518473791.0893,138.683817744159,77653527014.8475,6918508704.6075,326.031,3.72
2025-12-04,93619.43751,1.86805e+12,81429135005,3195.40899190855,385765592436.295,30631265956.3282,145.032412157873,81208229329.4109,6455831919.23661,326.031,3.72
2025-12-05,92140.7042,1.83937e+12,67878296355,3133.69823561862,378383036980.89,27914236368.1875,139.003585670284,77830815983.0203,4788215430.25442,326.031,3.72
2025-12-06,89307.09155,1.7828e+12,50193142877,3022.6564205232,365052689720.724,27606937714.5719,133.199407823162,74566520034.0368,4920570364.5913,326.031,3.72
2025-12-07,89244.76208,1.78119e+12,24818678152,3039.35857313324,366786121380.618,11344831475.8773,132.21332316931,73993239897.5467,2360842992.96843,326.031,3.72
2025-12-08,90162.90714,1.79966e+12,33912893267,3052.97633043655,368370755428.044,19363787894.9365,131.636677983,73739848612.4287,4308900064.80837,326.031,3.72
2025-12-09,90618.05352,1.80839e+12,45466493941,3125.32146218399,377375140776.365,25795397174.943,133.287697549397,74811646828.8715,5265200020.04018,326.031,3.72
2025-12-10,92723.21372,1.85212e+12,54575121854,3322.46921783663,401258190140.982,34333058805.5693,138.012689883784,77575668532.5155,6612919737.71527,326.031,3.72
2025-12-11,92005.13715,1.83732e+12,52189659396,3326.26021163752,401626272710.599,31463676851.5798,136.512529749369,76726311580.6588,6601409509.82804,326.031,3.72
2025-12-12,92494.17692,1.84892e+12,53232377699,3236.09862085786,390987823733.691,29805046870.5563,136.440427279096,76743870887.6512,6531004549.07401,326.031,3.72
2025-12-13,90307.26029,1.80324e+12,67750393559,3085.3166943581,372579486045.762,25083388430.4161,132.467404154239,74491666029.2281,5827290706.45327,326.031,3.72
2025-12-14,90257.42929,1.8015e+12,35222775785,3115.22542883528,375945831930.448,10086309656.9176,133.221069004695,74841360307.6279,2259785741.04933,326.031,3.72
2025-12-15,88230.77409,1.76138e+12,33808538697,3065.49123555636,369527922358.066,17335964454.1118,129.576602313768,72771108472.7163,2811466749.90645,326.031,3.72
2025-12-16,86413.91902,1.72462e+12,50630498834,2964.4885576921,357786162656.109,30596317990.0056,127.701625707131,71761324664.3586,5664789139.59792,326.031,3.72
2025-12-17,87821.88919,1.75137e+12,48317754255,2964.26279150547,357203725063.432,25164041190.9929,128.809562590811,72352928471.4368,4471455535.33842,326.031,3.72
2025-12-18,86064.94716,1.71849e+12,48886793508,2827.80417550243,341276921875.792,26836168118.6155,123.081219635904,69190855101.138,5991785692.61678,326.031,3.72
2025-12-19,85450.3312,1.70434e+12,58649139179,2826.59484651077,340860880536.833,30216518962.5593,119.47102833527,67164501569.4683,6429346461.74471,326.031,3.72
2025-12-20,88103.86076,1.7594e+12,51932451057,2976.79686955777,359446094628.451,28622463845.6973,126.187902322349,70945765444.8513,5616521064.82406,326.031,3.72
2025-12-21,88347.94311,1.76281e+12,17103607835,2977.16226320744,359186900440.073,9046978663.97416,125.789197136724,70712904180.6773,1874498407.27952,326.031,3.72
2025-12-22,88577.42038,1.76892e+12,22541294542,3001.60083778102,362519624877.117,11543764853.4474,126.018664730182,70866740448.0251,2593618351.53649,326.031,3.72
2025-12-23,88491.12021,1.76708e+12,41948947368,3005.78678069155,362935746891.545,21151887764.7191,125.760662065401,70709712071.7593,4107959590.69119,326.031,3.72
2025-12-24,87406.43637,1.74521e+12,46353794742,2965.19366004051,357776430595.614,23108092257.3506,123.91930388261,69704070559.2285,3449135611.60532,326.031,3.72
2025-12-25,87642.60888,1.74938e+12,29100645180,2945.98781450199,355561429533.282,14559942619.2786,122.567743752788,68951067341.3941,2590460582.98937,326.031,3.72
2025-12-26,87229.78066,1.74149e+12,22773603342,2904.25234459999,350482502400.186,11886240841.229,120.090137924865,67601569093.4897,2449069367.68658,326.031,3.72
2025-12-27,87305.95656,1.74319e+12,47130449136,2926.69563911276,353065144652.61,19054108852.2361,122.187603480851,68749899193.1376,4206343443.09203,326.031,3.72
2025-12-28,87807.00321,1.75338e+12,15670944600,2948.86212625761,355905880030.65,7543851649.16636,124.638471256708,70060705784.7345,1903845564.1443,326.031,3.72
2025-12-29,87822.90829,1.7536e+12,17428479525,2947.85976057205,355840750170.656,9618433974.57229,125.19116108132,70417541311.5998,2274998025.86625,326.031,3.72
2025-12-30,87156.56266,1.73979e+12,53957962808,2934.21560175893,354107974761.157,28073445244.4815,123.099349386816,69294749014.9203,5206138693.77009,326.031,3.72
2025-12-31,88414.62856,1.76583e+12,39734225800,2970.055474481,358439004174.807,18029693561.0706,124.856074507037,70258329328.9615,3452065269.05843,326.031,3.72
2026-01-01,87520.18049,1.74784e+12,37245075349,2966.77417981341,358047402285.733,16641494487.0956,124.516417183646,70088211901.3603,3867698668.3454,326.588,3.64
2026-01-02,88727.67004,1.77137e+12,21163124465,3000.41911688792,362099985541.603,10247591868.3968,126.734812571283,71412464990.5516,2664879770.77896,326.588,3.64
2026-01-03,89926.27925,1.79589e+12,50705395176,3121.90067245376,376770956000.157,25946903012.6738,132.048399491453,74386824319.3629,4974468671.3851,326.588,3.64
2026-01-04,90593.85443,1.80921e+12,23480735293,3126.04109139629,377099111945.017,12643882377.4107,133.288168397642,75096961115.1792,2744139511.46502,326.588,3.64
2026-01-05,91373.21588,1.82499e+12,31050236623,3139.05704191268,378922486584.185,14200482273.251,133.860374300103,75408109505.6925,3302730567.10276,326.588,3.64
2026-01-06,93926.79565,1.87656e+12,59451605755,3228.29622478421,389933475562.266,29465114559.5191,138.146246266701,77857193610.8887,5820371010.09981,326.588,3.64
2026-01-07,93666.86387,1.87004e+12,57439451726,3295.10192787964,397608381234.726,28511408890.5117,141.102281802617,79507408301.6898,6358691083.47368,326.588,3.64
2026-01-08,91257.15544,1.82222e+12,47910812257,3164.79475024921,381974224305.565,22954348981.5896,136.272678802626,76895122140.7337,4282729414.38589,326.588,3.64
2026-01-09,90983.51578,1.81725e+12,48319133568,3104.22032247492,374637574706.119,21609631690.5025,138.294606871156,78034797749.3584,5391114708.49282,326.588,3.64
2026-01-10,90504.8956,1.80778e+12,43664879516,3083.13611737244,372149000810.876,19574607996.9342,135.842439433062,76695827990.0317,5480506163.9557,326.588,3.64
2026-01-11,90442.01908,1.80648e+12,13961660357,3082.96532883036,372186920089.489,5878919562.19773,135.801704049356,76641936890.7947,1741084690.03649,326.588,3.64
2026-01-12,90819.36599,1.81408e+12,19870776214,3119.36193603728,376488796661.571,10976584243.8603,139.427626884987,78706698603.5452,3419018211.66603,326.588,3.64
2026-01-13,91134.96918,1.82053e+12,46923085428,3090.28272066479,373050228025.366,21435545247.1705,139.110342363447,78613645403.1777,6620955216.99863,326.588,3.64
2026-01-14,95260.4423,1.90229e+12,66844465447,3319.93540705651,400762250132.688,35290013880.9996,145.097175897461,81981991346.9043,8047083050.0449,326.588,3.64
2026-01-15,97007.78079,1.93829e+12,68433627981,3356.49640636283,405103415124.213,34009585603.4309,146.708469056181,82880393448.8689,6912090068.3884,326.588,3.64
2026-01-16,95584.82798,1.90923e+12,59629891835,3318.20370234917,400452010716.347,29777568895.5804,142.272955495048,80415403334.7154,4997355899.44306,326.588,3.64
2026-01-17,95516.07772,1.90767e+12,37208122952,3296.06265007614,397812097503.194,24378384071.0006,144.823601138072,81862130037.5796,3957207958.67679,326.588,3.64
2026-01-18,95099.53193,1.89991e+12,17839431205,3306.87122269088,399282930965.677,11391111157.2841,143.709200857619,81270466792.4962,2020461664.92352,326.588,3.64
2026-01-19,93752.70577,1.87498e+12,23132534226,3284.31943164655,396399594662.778,14974443677.8348,138.594673656687,78436917528.5451,3109392767.12413,326.588,3.64
2026-01-20,92558.46334,1.84923e+12,43338958369,3185.66446369227,384410444146.865,29820379988.8916,133.433605095285,75486541005.8885,5368206627.39891,326.588,3.64
2026-01-21,88312.84053,1.76403e+12,60578606229,2935.62341931604,354099948267.156,34750583222.719,125.810624167887,71176869803.2726,6120599149.82766,326.588,3.64
2026-01-22,89354.34378,1.78512e+12,62357735673,2976.04914656413,359040539115.967,37121407320.2651,129.3379185885,73152926025.9927,5920873768.45146,326.588,3.64
2026-01-23,89443.39744,1.78701e+12,39301750756,2948.27788961502,355853612997.034,22312421297.3637,128.223983818226,72553217774.9273,3474685432.72834,326.588,3.64
2026-01-24,89412.3985,1.78629e+12,43393369571,2950.91284857031,356101993294.335,22825744038.2747,127.249005866595,72000257943.8418,4037508318.90556,326.588,3.64
2026-01-25,89170.87365,1.78198e+12,16537403155,2949.19738461634,356007725632.755,9410994743.45091,127.049513522573,71902047449.9125,1718383638.1534,326.588,3.64
2026-01-26,86548.32213,1.73146e+12,39912523619,2814.18538354585,339890716407.578,23388699485.2033,118.890500386109,67334139605.1056,5664989178.02353,326.588,3.64
2026-01-27,88307.86121,1.76454e+12,50644433647,2927.83654692129,353726198245.073,31319240379.3776,124.20384054242,70367463149.6183,4633082596.32043,326.588,3.64
2026-01-28,89204.2224,1.78251e+12,43778458931,3021.09151699893,364796970141.983,28728856609.9404,127.152341922329,72041920240.8457,3973148773.79334,326.588,3.64
2026-01-29,89162.09702,1.78131e+12,45893249753,3006.80711295553,362995505292.503,23451982502.8275,125.044715088439,70790637621.4884,3822310928.68639,326.588,3.64
2026-01-30,84570.40906,1.68964e+12,70962598615,2818.81789022033,340223818598.219,37820864892.2286,117.617534296203,66594694435.6567,6228789001.77459,326.588,3.64
2026-01-31,84141.77857,1.68081e+12,79515463846,2702.40799526457,326260413678.24,41803190280.2053,117.301681472801,66428162827.3504,7242419430.23164,326.588,3.64
2026-02-01,78725.85854,1.57374e+12,78488542273,2443.92902456328,294721167713.188,48591221287.9409,105.354647213396,59663224525.8588,10199780344.1942,326.588,3.64
2026-02-02,76937.06407,1.53752e+12,58330740752,2269.32885186512,273917533154.593,41592993667.7711,100.89974142415,57210056897.2156,5980726033.07077,326.588,3.64
2026-02-03,78767.65815,1.57322e+12,84675130405,2344.51226144535,282937489226.072,51461557534.321,104.517835516127,59201126282.5655,7782942955.7047,326.588,3.64
2026-02-04,75638.9567,1.51217e+12,73734215653,2226.98563557522,268883359333.493,47572474187.9297,97.6198323974713,55336080662.992,6137256412.22572,326.588,3.64
2026-02-05,73172.29203,1.46352e+12,74109194166,2152.08701167294,259876828100.025,45329629877.1625,92.2922393896508,52337083217.8773,7691167277.27106,326.588,3.64
2026-02-06,62853.69038,1.26203e+12,1.42403e+11,1820.56932155741,222173472032.492,56436780638.7116,78.5003981688838,44614281691.2035,11362345050.9523,326.588,3.64
2026-02-07,70523.95417,1.4102e+12,1.28663e+11,2060.73496456742,248748810142.694,65078857952.9781,87.5757630644575,49660819332.3869,12677917416.6865,326.588,3.64
2026-02-08,69296.80677,1.38553e+12,68978204828,2091.04035368953,252512585445.092,40809475718.4795,87.6724462446035,49749127216.2158,5597873838.47702,326.588,3.64
2026-02-09,70542.37329,1.41167e+12,42782981464,2095.13056447706,253245483591.407,19286038988.3233,87.0494144941216,49365296735.7277,3304072820.442,326.588,3.64
2026-02-10,70096.40692,1.4009e+12,56115089203,2104.45779219083,253911548161.079,25731465365.1155,86.8364009101391,49295442233.1162,4465418533.92204,326.588,3.64
2026-02-11,68779.90981,1.37415e+12,43014177104,2018.92377885436,243588125385.224,23450565532.7557,82.859350330399,47016025744.9448,3056871645.94167,326.588,3.64
2026-02-12,66937.58141,1.33757e+12,54917156057,1939.4321739711,234040160527.699,23726060466.8892,79.2690277712037,45053694679.3615,4300002945.33279,326.588,3.64
2026-02-13,66184.57765,1.32286e+12,47600564766,1945.73514130926,234801316580.304,20191974576.3677,78.2421334695166,44415645436.8654,3832247845.4086,326.588,3.64
2026-02-14,68838.87491,1.37603e+12,43307347077,2047.36267425312,247095469776.819,20594568667.213,84.2577614829823,47860874969.8785,3874312629.44642,326.588,3.64
2026-02-15,69765.59639,1.39519e+12,38886730357,2085.52368261184,251943149870.576,16091018722.5332,88.1626034241743,50094441104.623,3130873805.92304,326.588,3.64
2026-02-16,68716.58337,1.37355e+12,44139541277,1963.95728530263,237059805728.808,31079407276.9928,85.9432570451624,48819352379.5116,4348972609.4583,326.588,3.64
2026-02-17,68907.78354,1.37744e+12,36789211961,2000.61044320309,241437650925.126,19705943204.5432,86.4772461589691,49062258392.9065,3755375031.7449,326.588,3.64
2026-02-18,67489.4554,1.34928e+12,38338996657,1992.00485446717,240295806016.12,21432577907.8223,85.084057349212,48301037391.3408,3311275325.97309,326.588,3.64
2026-02-19,66456.35376,1.32772e+12,36348385076,1954.75349515285,235735616203.125,19828649642.2161,81.510909510643,46292759422.8912,3401702595.32627,326.588,3.64
2026-02-20,66918.68417,1.33809e+12,34180839195,1946.90926135942,235006669215.334,19134139969.1721,82.3294804807235,46788887236.6163,3082347845.37742,326.588,3.64
2026-02-21,67970.29403,1.35859e+12,53528257485,1967.81211485782,237381191118.921,21428203502.982,84.4818062069974,48004833249.7589,4145075829.24566,326.588,3.64
2026-02-22,67977.90904,1.35907e+12,20679811587,1973.66433158606,238204433973.604,10481601460.7354,85.2291460389723,48452051189.8604,2095739467.00938,326.588,3.64
2026-02-23,67585.11719,1.35065e+12,20354767532,1954.19135631686,235501329876.954,10142077738.7942,82.621214263273,46931342707.7779,2126838762.09426,326.588,3.64
2026-02-24,64577.5532,1.29118e+12,56724400503,1853.69579038382,223731652427.768,31366211602.7679,77.7423967509237,44218639145.1796,5278871884.14123,326.588,3.64
2026-02-25,64074.11099,1.28115e+12,44864477921,1852.81029336933,223610046968.438,19343806620.9006,79.1595185908895,45046211422.078,3903764080.85953,326.588,3.64
2026-02-26,67947.39186,1.35818e+12,54747624391,2053.18867407894,247536737253.781,26646705598.646,87.5494914272735,49752790363.305,6263451317.51619,326.588,3.64
2026-02-27,67469.0604,1.34894e+12,45543276395,2027.30151822896,244470152452.733,23012726588.1742,85.9177813946835,48871885618.3139,4413629752.03452,326.588,3.64
2026-02-28,65883.99096,1.31772e+12,43031961580,1931.320587091,233144085915.66,21664624267.0558,81.9747857469816,46589974108.0842,4075158244.61007,326.588,3.64
2026-03-01,67008.45436,1.34029e+12,46319353202,1965.03662014131,237260462029.167,22174654477.75,84.432569320455,48078218411.476,4906565933.93878,326.588,3.64
2026-03-02,65713.49899,1.31405e+12,43467491554,1938.41148770778,233982481666.264,22612368031.3902,83.5989485910378,47680510347.9091,4982906465.58221,326.588,3.64
2026-03-03,68864.03692,1.37774e+12,60995565405,2029.4439943985,245115922455.219,25981401238.0178,86.6938918426954,49383302128.0651,5882886994.58346,326.588,3.64
2026-03-04,68321.61785,1.36723e+12,52704039830,1982.45827865335,239664309988.172,23812766657.9557,87.2133045244007,49734923977.2989,5221323004.59146,326.588,3.64
